SET session_replication_role = 'replica';
--
-- PostgreSQL database dump
--

\restrict Bv5zC99UycwC87obuBrdnfmnXJkemoXsjHW9zKZG1lvAqRSaRMI1Iis5Q3INzAc

-- Dumped from database version 16.11
-- Dumped by pg_dump version 16.11

SET statement_timeout = 0;
SET lock_timeout = 0;
SET idle_in_transaction_session_timeout = 0;
SET client_encoding = 'UTF8';
SET standard_conforming_strings = on;
SELECT pg_catalog.set_config('search_path', '', false);
SET check_function_bodies = false;
SET xmloption = content;
SET client_min_messages = warning;
SET row_security = off;

--
-- Data for Name: departments; Type: TABLE DATA; Schema: public; Owner: proofpoint
--

COPY public.departments (id, name, parent_id, created_at, updated_at) FROM stdin;
7ce34ddc-17c0-4199-b709-09fb36ed8b8a	Mad Labs	\N	2026-01-04 04:17:40.639125+00	2026-01-04 04:17:40.639125+00
31b9e9c3-5740-454a-949c-084654063ba4	IT Support	7ce34ddc-17c0-4199-b709-09fb36ed8b8a	2026-01-04 07:24:32.919022+00	2026-01-04 07:24:32.919022+00
507fd6f4-c334-4177-877d-c5470194bc35	Kindergarten	\N	2026-01-04 10:28:16.578945+00	2026-01-04 10:28:16.578945+00
5ae94e17-39f9-4371-9fa0-e2aa3115e1a5	Elementary	\N	2026-01-04 10:28:35.9269+00	2026-01-04 10:28:35.9269+00
9291f59a-97f2-40fb-afa9-4b446968f29c	Junior High	\N	2026-01-04 10:28:47.367635+00	2026-01-04 10:28:47.367635+00
6a5c794f-2587-4bdb-9062-400cb91baa5c	SAFE	\N	2026-01-04 16:05:55.379653+00	2026-01-04 16:05:55.379653+00
e3af4510-e1c3-4dd1-9ea0-acd75e084b0a	CARE	\N	2026-01-04 16:06:00.995557+00	2026-01-04 16:06:00.995557+00
550163a3-7b2f-4d55-8ee8-08a354305db7	BRIDGE	\N	2026-01-04 16:06:06.057669+00	2026-01-04 16:06:06.057669+00
05522553-8d12-4b0f-a593-a6696c906fc3	Directorate	\N	2026-01-04 16:06:15.230002+00	2026-01-04 16:06:15.230002+00
92923c39-13f2-464b-98fe-a20ecf28f833	Principals	\N	2026-01-05 06:53:30.211827+00	2026-01-05 06:53:30.211827+00
4a579ce5-43cd-4f6c-a156-821e26443658	Principals	\N	2026-01-05 07:01:52.983998+00	2026-01-05 07:01:52.983998+00
\.


--
-- Data for Name: users; Type: TABLE DATA; Schema: public; Owner: proofpoint
--

COPY public.users (id, email, password_hash, email_verified, created_at, updated_at, status) FROM stdin;
2632c735-698b-462d-98cc-aea64c495f5b	faisal@millennia21.id	$2b$10$HS37BJT5fgR4JodKziPquu9Wtwj.iwMZUELmh2vXsYW0sdpepG2DG	f	2026-01-04 06:03:22.973537+00	2026-01-04 06:03:22.973537+00	active
6dbcfe1e-8e0b-4217-be9f-0e0ab843dd61	mahrukh@millennia21.id	$2b$10$Hh9RVDAC/eMFKqJtpXZzj.WJ1AvsX9rSWoWzCTdeZmkeRwo06j7ka	f	2026-01-04 10:27:29.557903+00	2026-01-04 10:27:29.557903+00	active
e02410d6-8ed6-4a01-a275-f3f0b63463aa	aria@millennia21.id	$2b$10$k.CKW8ggCf.Ytm9dMlpLoe2i82.60UHxub8qXlCkR/EEq9KqnfE0K	f	2026-01-04 16:16:04.423918+00	2026-01-04 16:16:04.423918+00	active
4b02d3fc-9b6d-461d-b254-81c188dfa7f5	rain@millennia21.id	$2b$10$XQ.DLCro2wHghPM2BlJ.GODu3uD80prC9zhe8P3ZNprztNmoWW1cO	f	2026-01-05 07:03:27.780255+00	2026-01-05 07:03:27.780255+00	active
045d1929-3b5a-409a-ad9c-f3e6ce802391	sarahyuliana@millennia21.id	$2b$10$hntWcGskBHBtyaF2wm8jD.pg.zJMdh7IeveTiC.16H/m20rHLhxTi	f	2026-01-05 07:13:21.743408+00	2026-01-05 07:13:21.743408+00	active
3330c2c7-901a-4813-8c4f-41f0a5d43d6e	kholida@millennia21.id	$2b$10$viG1xfOIe9mllBIg6Sng7.e9qQzLOm890CsJ/P7zzGaKeakcaqguK	f	2026-01-05 08:21:15.376203+00	2026-01-05 08:21:15.376203+00	active
81a4c6a6-f1b2-4534-926d-df120bc3530b	latifah@millennia21.id	$2b$10$q37M5SWQB9BmxmghMhfxMuDLelux6AiY96yBeioPByU0ciTVEAZr6	f	2026-01-05 08:22:26.308729+00	2026-01-05 08:22:26.308729+00	active
\.


--
-- Data for Name: rubric_templates; Type: TABLE DATA; Schema: public; Owner: proofpoint
--

COPY public.rubric_templates (id, name, description, department_id, is_global, created_by, created_at, updated_at) FROM stdin;
c208fc00-b876-41e4-a345-acb1535e2a28	Head of Mad Labs Performance Appraisal	KPI Framework for the Head of Innovation & Makerspace Unit - covering Professional Knowledge, Practice, and Values domains.	\N	f	\N	2026-01-04 04:17:40.639125+00	2026-01-05 06:54:37.432117+00
091960f9-e44c-4b07-b678-47bed21d52de	MWS Principal Performance Standards	Millennia World School Standards for Performance Development and Appraisal for Principals (v1.0, 26-Aug-2025)	\N	f	\N	2026-01-05 07:01:52.983998+00	2026-01-05 08:10:09.425827+00
d819a111-0348-451c-9d9e-6fb4b3f0478b	Head of Safe Performance Standards	Performance Standards for Head of Safe (Strategic, Administrative, Financial, & Estates)	6a5c794f-2587-4bdb-9062-400cb91baa5c	f	\N	2026-01-05 08:17:36.504854+00	2026-01-05 08:17:36.504854+00
44b9a60e-1645-4d8b-80af-f3f36d0ed66e	Head of CARE Performance Standards	Performance Standards for Head of CARE (Community, Administration, Resources, & Engagement)	e3af4510-e1c3-4dd1-9ea0-acd75e084b0a	f	\N	2026-01-05 08:21:13.524553+00	2026-01-05 08:21:13.524553+00
\.


--
-- Data for Name: department_roles; Type: TABLE DATA; Schema: public; Owner: proofpoint
--

COPY public.department_roles (id, department_id, role, default_template_id, created_at, updated_at, name) FROM stdin;
78b10817-9525-4c9b-8ac3-663a072ba6f9	7ce34ddc-17c0-4199-b709-09fb36ed8b8a	manager	c208fc00-b876-41e4-a345-acb1535e2a28	2026-01-04 07:00:54.502065+00	2026-01-04 10:05:21.335592+00	
2ea7957f-3bc0-4ad6-8e55-e929731d16bc	9291f59a-97f2-40fb-afa9-4b446968f29c	manager	091960f9-e44c-4b07-b678-47bed21d52de	2026-01-04 16:16:41.105629+00	2026-01-05 07:05:21.765246+00	\N
91273c86-a102-4422-ba70-767dcd7cef40	5ae94e17-39f9-4371-9fa0-e2aa3115e1a5	manager	091960f9-e44c-4b07-b678-47bed21d52de	2026-01-05 08:29:01.702272+00	2026-01-05 08:29:06.140104+00	\N
419421cb-8892-4ba3-bfa4-fda9b4069ddb	507fd6f4-c334-4177-877d-c5470194bc35	manager	091960f9-e44c-4b07-b678-47bed21d52de	2026-01-05 08:29:20.780332+00	2026-01-05 08:29:25.135419+00	\N
ca0212e2-05cb-46b4-b013-a99e8b3a86ac	e3af4510-e1c3-4dd1-9ea0-acd75e084b0a	manager	44b9a60e-1645-4d8b-80af-f3f36d0ed66e	2026-01-05 08:29:41.529512+00	2026-01-05 08:29:44.5683+00	\N
d895878c-fbf9-4f21-ae12-73b960f400f3	6a5c794f-2587-4bdb-9062-400cb91baa5c	manager	d819a111-0348-451c-9d9e-6fb4b3f0478b	2026-01-05 08:30:00.484667+00	2026-01-05 08:30:04.783849+00	\N
\.


--
-- Data for Name: approval_workflows; Type: TABLE DATA; Schema: public; Owner: proofpoint
--

COPY public.approval_workflows (id, department_role_id, step_order, approver_role, step_type, created_at) FROM stdin;
bdd00296-1584-4b72-a431-89d7a439c066	78b10817-9525-4c9b-8ac3-663a072ba6f9	1	director	review_and_approval	2026-01-04 07:00:56.980479+00
a3dd95af-f01b-4d32-93a0-f484ee178ddc	78b10817-9525-4c9b-8ac3-663a072ba6f9	200	manager	acknowledge	2026-01-05 05:49:44.394871+00
c0aa1d00-24b9-4605-8de6-1e4b440278a9	2ea7957f-3bc0-4ad6-8e55-e929731d16bc	200	manager	acknowledge	2026-01-05 07:05:19.567512+00
38c1e795-55eb-454e-82e0-c7de80040949	2ea7957f-3bc0-4ad6-8e55-e929731d16bc	1	director	review_and_approval	2026-01-05 07:05:28.16384+00
e0aed1df-a351-4869-8ee4-45d71b1fea01	91273c86-a102-4422-ba70-767dcd7cef40	200	manager	acknowledge	2026-01-05 08:29:02.597397+00
37843bf9-b3c1-4615-a4b2-4288d9fb6f4d	91273c86-a102-4422-ba70-767dcd7cef40	1	director	review_and_approval	2026-01-05 08:29:07.862525+00
fdc44a49-233f-42a8-a626-c28d02725db4	419421cb-8892-4ba3-bfa4-fda9b4069ddb	200	manager	acknowledge	2026-01-05 08:29:21.681873+00
69096841-7a75-4265-8d7e-4c1cf05e9313	419421cb-8892-4ba3-bfa4-fda9b4069ddb	1	director	review_and_approval	2026-01-05 08:29:27.32288+00
d6f1a285-37ba-44eb-b394-436867e45e88	ca0212e2-05cb-46b4-b013-a99e8b3a86ac	200	manager	acknowledge	2026-01-05 08:29:42.461668+00
c82141bd-e7e8-46f1-88e8-8643008f19f7	ca0212e2-05cb-46b4-b013-a99e8b3a86ac	1	director	review_and_approval	2026-01-05 08:29:49.018132+00
18929a4e-ad19-4f48-99f8-256e680cd3ff	d895878c-fbf9-4f21-ae12-73b960f400f3	200	manager	acknowledge	2026-01-05 08:30:01.526009+00
929c9bea-e809-44f2-8d06-3ef97482e4d1	d895878c-fbf9-4f21-ae12-73b960f400f3	1	director	review_and_approval	2026-01-05 08:30:09.951193+00
\.


--
-- Data for Name: assessments; Type: TABLE DATA; Schema: public; Owner: proofpoint
--

COPY public.assessments (id, staff_id, manager_id, director_id, template_id, period, status, staff_scores, manager_scores, staff_evidence, manager_evidence, manager_notes, director_comments, final_score, final_grade, staff_submitted_at, manager_reviewed_at, director_approved_at, created_at, updated_at, staff_notes) FROM stdin;
8fcf3517-b2f2-4d24-b265-992e0466830f	2632c735-698b-462d-98cc-aea64c495f5b	6dbcfe1e-8e0b-4217-be9f-0e0ab843dd61	6dbcfe1e-8e0b-4217-be9f-0e0ab843dd61	c208fc00-b876-41e4-a345-acb1535e2a28	Semester 1, 2025/2026	acknowledged	{"0088ba18-9507-4935-942f-37e74e06060b": 4, "03551081-0936-4d83-bda0-e318c51283c9": "X", "04a94999-55d6-4940-9c16-b1fad4134dab": "X", "1baaad10-a982-415a-bed8-7b30af4e00cc": "X", "23ca0df0-c931-4d92-9f32-c46e02227e1c": 3, "3c7b0bb2-3641-4408-adfa-2c9ece747fd7": 3, "3e4bc7da-cf7c-4566-8458-a63e6f3067ae": "X", "4ddd6793-a8fc-4f5e-b10b-dbb947ef5a1d": 4, "59cbd628-a4cf-4cdf-8022-314c4489c1d9": "X", "5b7ab7d6-626c-4aa6-8e47-2b5967813e95": "X", "6b57c624-ccba-4bee-92f5-3f289da5f5ff": "X", "888cf3d5-beb7-4825-a74c-12724ba199f9": "X", "8a62784d-41fb-425f-a584-7cf99979d3b9": 4, "9c00c5e8-eef6-4f1d-8cbc-4bd0ac45ea70": 4, "9d821a7e-3e90-4c1c-bf64-2c2fb4d7317f": "X", "a24dc36d-740f-4e3c-8dbc-72d3bf94ac14": "X", "a6ccf842-7c0b-4db7-8dcd-e2a687f2df75": "X", "ac7e8034-859e-495a-aeb5-3d7e9a7aea42": "X", "c96e244a-25b4-461c-b99d-8b2476cb8699": 2, "ca7e50b3-fa78-4618-a514-06822d090284": "X", "d60f250c-ac57-46c6-a032-7befa67a041b": "X", "d81a050b-acf8-41b4-b4e7-166f6a81f2a3": "X", "de34420f-dc4e-43d8-9976-c317d323b2bf": "X", "e2d30298-e0f6-4497-a8ff-a9262db76b83": "X", "eb34dbf2-b4c3-4924-8f46-8d2e55739757": "X", "ef6e92dd-e2eb-4442-a438-e860e18ae3af": "X", "fcb8fd05-f6e7-48a7-a7f7-87d367a39a54": "X"}	{"0088ba18-9507-4935-942f-37e74e06060b": 4, "23ca0df0-c931-4d92-9f32-c46e02227e1c": 4, "3c7b0bb2-3641-4408-adfa-2c9ece747fd7": 4, "4ddd6793-a8fc-4f5e-b10b-dbb947ef5a1d": 3, "8a62784d-41fb-425f-a584-7cf99979d3b9": 4, "9c00c5e8-eef6-4f1d-8cbc-4bd0ac45ea70": 3, "c96e244a-25b4-461c-b99d-8b2476cb8699": 3}	{"0088ba18-9507-4935-942f-37e74e06060b": [{"name": "Prompt Cheat Sheet", "type": "link", "notes": "2 Prompts", "evidence": "https://docs.google.com/document/d/1_gY9Cb6zZuaQdHO7HoST3RHGeMN86fI7lZy8K7tAooE/edit?tab=t.0", "inputMode": "link"}, {"name": "Blogs", "type": "link", "notes": "2 New Posts", "evidence": "https://madlabs.millenniaws.sch.id/", "inputMode": "link"}, {"name": "Self Hosted Server", "type": "link", "notes": "1 Server, hosting several of our app used internal and externally", "evidence": "https://pm.millenniaws.sch.id/", "inputMode": "link"}], "23ca0df0-c931-4d92-9f32-c46e02227e1c": [{"name": "Prompt Templates", "type": "link", "notes": "For teacher and staff to have a better result with battle tested prompt", "evidence": "https://docs.google.com/document/d/1_gY9Cb6zZuaQdHO7HoST3RHGeMN86fI7lZy8K7tAooE/edit?tab=t.0", "inputMode": "link"}, {"name": "Slide Auditor", "type": "link", "notes": "To have a quality control flow on student report ", "evidence": "https://script.google.com/a/macros/millennia21.id/s/AKfycbzG_pInFQmh5tf8BWZtSd6MMhrXc6EcqgW3cbfsPp8gVhaGFQv5McBa64KVQ4P3I6RN/exec", "inputMode": "link"}], "3c7b0bb2-3641-4408-adfa-2c9ece747fd7": [{"name": "Activity Photos", "type": "file", "notes": "2 batch GCEL1 completed\\n2 fishing passion connection ongoing\\n1 workshop on Observation Tools\\n1 Workshop on Report Assistant tool", "evidence": "http://localhost:9000/evidence/2632c735-698b-462d-98cc-aea64c495f5b/1767525452406_Screenshot 2026-01-04 at 18.17.13.png", "fileName": "Screenshot 2026-01-04 at 18.17.13.png", "inputMode": "file"}], "4ddd6793-a8fc-4f5e-b10b-dbb947ef5a1d": [{"name": "Screenshot 2026-01-04 at 18.06.51.png", "type": "file", "notes": "", "evidence": "http://localhost:9000/evidence/2632c735-698b-462d-98cc-aea64c495f5b/1767524825758_Screenshot 2026-01-04 at 18.06.51.png", "fileName": "Screenshot 2026-01-04 at 18.06.51.png", "inputMode": "initial"}], "8a62784d-41fb-425f-a584-7cf99979d3b9": [{"name": "Chat Screenshot", "type": "file", "notes": "Shows when insight started from chat and pilot delivery", "evidence": "http://localhost:9000/evidence/2632c735-698b-462d-98cc-aea64c495f5b/1767525194517_Screenshot 2026-01-04 at 18.12.53.png", "fileName": "Screenshot 2026-01-04 at 18.12.53.png", "inputMode": "file"}], "9c00c5e8-eef6-4f1d-8cbc-4bd0ac45ea70": [{"name": "App Screenshot", "type": "file", "notes": "Co-Designed Projects\\n- MWS App, with Directorate\\nReading Buddy - RnD (Library)\\nIDP Self Learning Report - HR", "evidence": "http://localhost:9000/evidence/2632c735-698b-462d-98cc-aea64c495f5b/1767525583757_Screenshot 2026-01-04 at 18.18.47.png", "fileName": "Screenshot 2026-01-04 at 18.18.47.png", "inputMode": "file"}], "c96e244a-25b4-461c-b99d-8b2476cb8699": [{"name": "Canva", "type": "file", "notes": "2 parthership (Canva & AAA)\\n3 Outcome (training and competion for canva, plant based meal day for AAA", "evidence": "http://localhost:9000/evidence/2632c735-698b-462d-98cc-aea64c495f5b/1767525704692_Screenshot 2026-01-04 at 18.21.06.png", "fileName": "Screenshot 2026-01-04 at 18.21.06.png", "inputMode": "file"}]}	{}		good job	3.44	Rising Star	2026-01-04 16:20:24.966+00	\N	2026-01-05 00:37:10.663+00	2026-01-04 09:54:55.848783+00	2026-01-05 04:26:40.203952+00	\N
00b9888c-8f27-43d2-a4de-c86c3a46f007	e02410d6-8ed6-4a01-a275-f3f0b63463aa	\N	\N	091960f9-e44c-4b07-b678-47bed21d52de	Semester 1, 2025/2026	director_approved	{"00efde21-03ff-43f8-8c59-9c403200d3d2": "X", "05ddecd4-f737-4cbf-8894-a1eb9489a091": "X", "09db2e42-62a0-49da-ad39-9336332534b1": 4, "0e489e4b-5d12-43de-b87e-1c67e3cd5c07": "X", "166221ec-a706-45cf-bb36-17300228a5eb": 4, "1ebb0756-30d7-46a3-a37b-d368a37ea6df": "X", "1f5a98d4-cc7e-41c8-9205-f1f87773eeda": "X", "27273a98-7585-4d75-a2a9-fdb3e4feffa3": "X", "2e892ff7-81f0-4666-bc6c-9f13f0c0f779": "X", "4f61d68f-87a5-4a4b-b101-4cc5f09857cd": "X", "5aafa415-820a-4ea1-96d5-8961ca9ce5e9": 4, "6266f6b9-f992-497a-a619-0c595ab62d41": "X", "7c195821-d408-46f9-aa69-51bb62e5d4dd": 3, "80f3017e-7609-44f0-8ce0-7c8d270df8e5": "X", "8f7d6b49-6d6d-42d3-8ceb-bdbcb6903598": 3, "90adb2b0-a1ac-4372-9b3d-de6c8a5fcbea": "X", "9f77ce54-fb59-4b4a-85e4-d2b464b31617": 3, "a084b0fa-927b-4881-8ce3-a74e12ebcf9c": "X", "ab88cc2f-7915-4800-8371-6b5c33959afc": 4, "acabeaa6-fdd1-4bb6-b7d7-2e85dfa34a31": "X", "acd78427-c1e1-4842-af5f-ae218b935bad": "X", "c0384f25-baca-4ed5-8861-be9afd57e9cc": "X", "c2e18901-bc70-4cb6-9435-bd5a56533dab": 4, "c3ce4d16-bd35-439f-bb4c-bd0d142ae8fe": "X", "c7dd33a6-ba1e-486c-a561-5abcb02ad820": "X", "c8cf97c7-7372-4f27-8499-ff542149842f": "X", "ce9f961e-999f-4f67-bf0d-3f915888ccab": "X", "d1b3cb1f-6c44-4c01-9a32-d64a009f9958": 4, "d80c48d3-e5ab-4a3f-b104-23a5e92b80ab": 4, "d88816ea-0df4-4269-a44e-2d803a9a13ed": "X", "d8a7b9cb-fe44-43ca-9833-50a0c4873763": "X", "dd308623-6a2b-4ca7-9bef-8b620a007280": "X", "decc6a0d-65cb-4fae-a0b0-8157de77f045": 4, "e16050b2-fcb1-4185-b7b5-47790d421bbf": "X", "e180f05f-079a-415e-9068-9737b02e73ac": "X", "e39aafe9-20e0-4931-8442-d3935483caf0": 3, "e8ec3238-9dc5-437d-81b6-a8542a62f1d0": "X", "e9e0903b-ab3a-4d16-9ff2-9de3de84ed81": "X", "ee240c9c-0589-4095-87a7-843fc9e8951b": "X"}	{"09db2e42-62a0-49da-ad39-9336332534b1": 4, "166221ec-a706-45cf-bb36-17300228a5eb": 4, "5aafa415-820a-4ea1-96d5-8961ca9ce5e9": 3, "7c195821-d408-46f9-aa69-51bb62e5d4dd": 4, "8f7d6b49-6d6d-42d3-8ceb-bdbcb6903598": 4, "9f77ce54-fb59-4b4a-85e4-d2b464b31617": 4, "ab88cc2f-7915-4800-8371-6b5c33959afc": 3, "c2e18901-bc70-4cb6-9435-bd5a56533dab": 3, "d1b3cb1f-6c44-4c01-9a32-d64a009f9958": 4, "d80c48d3-e5ab-4a3f-b104-23a5e92b80ab": 4, "decc6a0d-65cb-4fae-a0b0-8157de77f045": 4, "e39aafe9-20e0-4931-8442-d3935483caf0": 3}	{"00efde21-03ff-43f8-8c59-9c403200d3d2": [{"name": "ok", "notes": "", "evidence": "", "inputMode": "link"}], "09db2e42-62a0-49da-ad39-9336332534b1": [{"name": "ok", "type": "link", "notes": "", "evidence": "ok", "inputMode": "link"}], "166221ec-a706-45cf-bb36-17300228a5eb": [{"name": "ok", "type": "link", "notes": "", "evidence": "ok", "inputMode": "link"}], "4f61d68f-87a5-4a4b-b101-4cc5f09857cd": [{"name": "ok", "type": "link", "notes": "", "evidence": "ok", "inputMode": "link"}], "5aafa415-820a-4ea1-96d5-8961ca9ce5e9": [{"name": "ok", "type": "link", "notes": "", "evidence": "ok", "inputMode": "link"}], "7c195821-d408-46f9-aa69-51bb62e5d4dd": [{"name": "ok", "type": "link", "notes": "", "evidence": "ok", "inputMode": "link"}], "8f7d6b49-6d6d-42d3-8ceb-bdbcb6903598": [{"name": "ok", "type": "link", "notes": "", "evidence": "ok", "inputMode": "link"}], "9f77ce54-fb59-4b4a-85e4-d2b464b31617": [{"name": "ok", "type": "link", "notes": "", "evidence": "ok", "inputMode": "link"}], "ab88cc2f-7915-4800-8371-6b5c33959afc": [{"name": "ok", "type": "link", "notes": "", "evidence": "ok", "inputMode": "link"}], "c2e18901-bc70-4cb6-9435-bd5a56533dab": [{"name": "ok", "type": "link", "notes": "", "evidence": "ok", "inputMode": "link"}], "d1b3cb1f-6c44-4c01-9a32-d64a009f9958": [{"name": "ok", "type": "link", "notes": "", "evidence": "ok", "inputMode": "link"}], "d80c48d3-e5ab-4a3f-b104-23a5e92b80ab": [{"name": "ok", "type": "link", "notes": "", "evidence": "ok", "inputMode": "link"}], "decc6a0d-65cb-4fae-a0b0-8157de77f045": [{"name": "ok", "type": "link", "notes": "", "evidence": "ok", "inputMode": "link"}], "e16050b2-fcb1-4185-b7b5-47790d421bbf": [{"name": "ok", "type": "link", "notes": "", "evidence": "ok", "inputMode": "link"}], "e39aafe9-20e0-4931-8442-d3935483caf0": [{"name": "ok", "type": "link", "notes": "", "evidence": "ok", "inputMode": "link"}], "e8ec3238-9dc5-437d-81b6-a8542a62f1d0": [{"name": "ok", "type": "link", "notes": "", "evidence": "ok", "inputMode": "link"}]}	{}	\N	good work	3.67	Trail Blazers	2026-01-05 07:23:10.022+00	\N	2026-01-05 07:26:18.004+00	2026-01-05 07:15:34.641461+00	2026-01-05 07:26:18.773052+00	\N
\.


--
-- Data for Name: rubric_sections; Type: TABLE DATA; Schema: public; Owner: proofpoint
--

COPY public.rubric_sections (id, template_id, name, weight, sort_order, created_at) FROM stdin;
\.


--
-- Data for Name: rubric_indicators; Type: TABLE DATA; Schema: public; Owner: proofpoint
--

COPY public.rubric_indicators (id, section_id, name, description, sort_order, evidence_guidance, score_options, created_at) FROM stdin;
\.


--
-- Data for Name: assessment_questions; Type: TABLE DATA; Schema: public; Owner: proofpoint
--

COPY public.assessment_questions (id, assessment_id, indicator_id, asked_by, question, response, responded_by, responded_at, status, created_at, updated_at) FROM stdin;
\.


--
-- Data for Name: kpi_domains; Type: TABLE DATA; Schema: public; Owner: proofpoint
--

COPY public.kpi_domains (id, template_id, name, sort_order, created_at, weight) FROM stdin;
41a25bd6-eb8b-4cf7-9e9c-f1e8804a55ca	c208fc00-b876-41e4-a345-acb1535e2a28	Professional Knowledge & Foresight	1	2026-01-04 04:17:40.639125+00	50.00
55e929d2-d4ae-4e35-a1b1-ffc2783ba2da	c208fc00-b876-41e4-a345-acb1535e2a28	Practice: Sustainable Innovation, Systems & Deployment	2	2026-01-04 04:17:40.639125+00	50.00
83376322-453e-4193-9914-7b91656126b9	c208fc00-b876-41e4-a345-acb1535e2a28	Values, Relationships & Public Value	3	2026-01-04 04:17:40.639125+00	50.00
77d3950b-d8c4-4216-961a-982960066b5c	091960f9-e44c-4b07-b678-47bed21d52de	D1: Professional Knowledge, Vision, Planning & Understanding	1	2026-01-05 07:01:52.983998+00	16.67
1e31de11-a501-46bc-8d1c-e8491a816354	091960f9-e44c-4b07-b678-47bed21d52de	D2: Instructional & Integral Leadership	2	2026-01-05 07:01:52.983998+00	16.67
425f3485-0c1d-430c-a4f3-8081904a93a1	091960f9-e44c-4b07-b678-47bed21d52de	D3: Organizational, Resource & Admissions Management	3	2026-01-05 07:01:52.983998+00	16.67
52420a01-8b8f-4e0b-ae52-12b3b2990630	091960f9-e44c-4b07-b678-47bed21d52de	D4: Professional Relationships, Community Engagement & Communication	4	2026-01-05 07:01:52.983998+00	16.67
fdc15dfd-9303-4003-af4f-3d14301a5603	091960f9-e44c-4b07-b678-47bed21d52de	D5: Professionalism, Values & Ethical Leadership	5	2026-01-05 07:01:52.983998+00	16.67
c92bbdf0-002b-4d9e-a99a-7f3aa8a576ca	091960f9-e44c-4b07-b678-47bed21d52de	D6: Millennia World School Culture	6	2026-01-05 07:01:52.983998+00	16.67
42a2522f-eb56-4ea2-bc5a-7399e4e3c609	d819a111-0348-451c-9d9e-6fb4b3f0478b	D1: Professional Knowledge & Understanding	1	2026-01-05 08:17:36.504854+00	20.00
3207920c-c4e8-4ae3-bd31-d73238faf420	d819a111-0348-451c-9d9e-6fb4b3f0478b	D2: Professional Practice (Operations & Stewardship)	2	2026-01-05 08:17:36.504854+00	20.00
2626aa18-38c3-4275-82e0-fc980787e2b2	d819a111-0348-451c-9d9e-6fb4b3f0478b	D3: Strategic Resourcing & Growth	3	2026-01-05 08:17:36.504854+00	20.00
b6c49c04-d50b-4f7c-b95c-6e080691b7f9	d819a111-0348-451c-9d9e-6fb4b3f0478b	D4: Professional Values, Communication & Engagement	4	2026-01-05 08:17:36.504854+00	20.00
29caa500-8d62-4a66-9ccc-f30f250119aa	d819a111-0348-451c-9d9e-6fb4b3f0478b	D5: Capability Building & Continuous Improvement	5	2026-01-05 08:17:36.504854+00	20.00
1ea62e2b-40c1-470d-bcd6-37d373f373f7	44b9a60e-1645-4d8b-80af-f3f36d0ed66e	D1: Professional Knowledge & Understanding	1	2026-01-05 08:21:13.524553+00	33.33
6ffd329e-d999-4370-aa50-efb13d356495	44b9a60e-1645-4d8b-80af-f3f36d0ed66e	D2: Professional Practice & People Systems	2	2026-01-05 08:21:13.524553+00	33.33
689b4753-9098-4395-b45b-4e7a044fe912	44b9a60e-1645-4d8b-80af-f3f36d0ed66e	D3: Professional Values, Culture & Engagement	3	2026-01-05 08:21:13.524553+00	33.33
\.


--
-- Data for Name: kpi_standards; Type: TABLE DATA; Schema: public; Owner: proofpoint
--

COPY public.kpi_standards (id, domain_id, name, sort_order, created_at) FROM stdin;
356462b8-67ea-4fa9-8ccd-2f4ab8e95be5	41a25bd6-eb8b-4cf7-9e9c-f1e8804a55ca	Innovation principles, sustainable design, systems thinking	1	2026-01-04 04:17:40.639125+00
a7930e45-cf77-4393-8ee6-b0f8214b440f	41a25bd6-eb8b-4cf7-9e9c-f1e8804a55ca	Educational technologies & emerging tools	2	2026-01-04 04:17:40.639125+00
adb82869-f671-4a3f-9a1c-b94b14efc6cb	41a25bd6-eb8b-4cf7-9e9c-f1e8804a55ca	Datawise improvement & insight-to-action	3	2026-01-04 04:17:40.639125+00
21424958-3408-45b5-9653-aac6cbb372eb	41a25bd6-eb8b-4cf7-9e9c-f1e8804a55ca	Compliance with innovation & sustainability frameworks	4	2026-01-04 04:17:40.639125+00
b5195ae9-8c0b-4aad-b8fb-f4f8991cb1c4	55e929d2-d4ae-4e35-a1b1-ffc2783ba2da	Sustainable innovation & resource optimization	1	2026-01-04 04:17:40.639125+00
73a73e46-40f5-49a9-ad99-b3c582dcdfb0	55e929d2-d4ae-4e35-a1b1-ffc2783ba2da	Makerspace & design labs	2	2026-01-04 04:17:40.639125+00
8b79ab67-49cb-4de4-bfaa-1a526cc06119	55e929d2-d4ae-4e35-a1b1-ffc2783ba2da	Responsible AI & data systems	3	2026-01-04 04:17:40.639125+00
d8264c12-6f5b-46b8-81b9-da48307eecc7	55e929d2-d4ae-4e35-a1b1-ffc2783ba2da	Pilot fast, scale well	4	2026-01-04 04:17:40.639125+00
61abc394-db2f-4f34-907f-cd4d99b088fb	55e929d2-d4ae-4e35-a1b1-ffc2783ba2da	Documentation, capacity building & onboarding	5	2026-01-04 04:17:40.639125+00
fcd5af37-6ede-4636-8e19-0d6aec70ea7b	83376322-453e-4193-9914-7b91656126b9	Human-centred, ethical, inclusive innovation	1	2026-01-04 04:17:40.639125+00
b2735090-09fc-42b0-8510-ed052cb0c8d9	83376322-453e-4193-9914-7b91656126b9	School-wide & global collaboration	2	2026-01-04 04:17:40.639125+00
2d81eb7a-5074-4d36-ba22-ab0c5d0bf899	83376322-453e-4193-9914-7b91656126b9	Reflective practice, growth & strategic foresight	3	2026-01-04 04:17:40.639125+00
0c3abe02-38da-4ef4-90d9-54b2cc3884aa	77d3950b-d8c4-4216-961a-982960066b5c	Standard 1. Lead with Vision and Strategic Planning (MWS Mission–Values in Action)	1	2026-01-05 07:01:52.983998+00
37c3d3b0-70b4-46de-b95a-880605368acf	77d3950b-d8c4-4216-961a-982960066b5c	Standard 2. Understand Teaching, Learning & Human Growth	2	2026-01-05 07:01:52.983998+00
43c9f550-d74e-4eb0-9cf4-11202d34dbd3	1e31de11-a501-46bc-8d1c-e8491a816354	Standard 3. Lead Instructional Quality (Curriculum, Pedagogy, Integral Development)	1	2026-01-05 07:01:52.983998+00
a05c65a8-d022-4ff7-8312-949f6adc2ac0	1e31de11-a501-46bc-8d1c-e8491a816354	Standard 4. Continuous Improvement: Support, Assessment, Innovation & Technology	2	2026-01-05 07:01:52.983998+00
f64ca597-4151-4d99-80c7-d3a8c30e0e32	425f3485-0c1d-430c-a4f3-8081904a93a1	Standard 5. Strategic School Management, Admissions and Operations	1	2026-01-05 07:01:52.983998+00
7c309075-e76b-42c7-bbae-edcbac0eb314	425f3485-0c1d-430c-a4f3-8081904a93a1	Standard 6. Effective Time and Human Resource Management	2	2026-01-05 07:01:52.983998+00
24c242b8-5691-451d-b67f-7c50a55dc750	52420a01-8b8f-4e0b-ae52-12b3b2990630	Standard 7. Cultivate Strong Interpersonal Relationships and Community Engagement	1	2026-01-05 07:01:52.983998+00
ee5573b0-e3a0-4be0-8178-f27735a77ce4	52420a01-8b8f-4e0b-ae52-12b3b2990630	Standard 8. Communicate Effectively and Transparently	2	2026-01-05 07:01:52.983998+00
40b931f9-ae19-4089-8cd8-92cd3c45dcdf	fdc15dfd-9303-4003-af4f-3d14301a5603	Standard 9. Model Ethical and Compassionate Leadership	1	2026-01-05 07:01:52.983998+00
f8ae1d3a-17f6-47fa-b5e1-9c8bb3f16c37	fdc15dfd-9303-4003-af4f-3d14301a5603	Standard 10. Commit to Lifelong Learning and Reflective Leadership	2	2026-01-05 07:01:52.983998+00
d0604ac7-8901-45f0-9817-af5fe6fb68cd	c92bbdf0-002b-4d9e-a99a-7f3aa8a576ca	Standard 11. Promote MWS Integral & Responsive Culture	1	2026-01-05 07:01:52.983998+00
75886033-cef2-4293-8817-f2fa2eadc00f	c92bbdf0-002b-4d9e-a99a-7f3aa8a576ca	Standard 12. Values, Character & Spiritual Flourishing (Inclusive & Developmentally Appropriate)	2	2026-01-05 07:01:52.983998+00
2792324c-359d-4178-9904-a3bebe174377	42a2522f-eb56-4ea2-bc5a-7399e4e3c609	Standard 1 — Mastery of school finance, compliance, and operations (fundamentals, sector standards, controls, systems, risk)	1	2026-01-05 08:17:36.504854+00
d2c5602e-e27e-4c36-b899-ffcc00d364cc	42a2522f-eb56-4ea2-bc5a-7399e4e3c609	Standard 2 — Strategic finance & planning (forecasting, scenarios, fees/scholarships, capital, program economics)	2	2026-01-05 08:17:36.504854+00
1b12cade-1443-4293-b626-57a69618f318	3207920c-c4e8-4ae3-bd31-d73238faf420	Standard 3 — Transaction processing, reporting, and integrity (AP/AR, billing, payroll, fixed assets, grants, restricted funds)	1	2026-01-05 08:17:36.504854+00
3fe78697-364b-421d-b9d2-adc92eee7018	3207920c-c4e8-4ae3-bd31-d73238faf420	Standard 4 — Budget execution, procurement, and cost discipline (value‑for‑money, event audit & streamlining, cost‑effectiveness dashboards)	2	2026-01-05 08:17:36.504854+00
fd46d6b7-a0a4-4054-957c-18602ddc7e4f	3207920c-c4e8-4ae3-bd31-d73238faf420	Standard 5 — Cash, treasury, and risk management (cash flow, reserves, FX, insurance, fraud prevention, SoD)	3	2026-01-05 08:17:36.504854+00
589d1569-1290-4d80-bc80-d0673f2d2919	2626aa18-38c3-4275-82e0-fc980787e2b2	Standard 6 — Strategic resourcing & investment discipline (program ROI, capex governance, PD ROI, in‑house talent use)	1	2026-01-05 08:17:36.504854+00
78d692bb-ed36-4f5b-ad3a-903e63a1176f	2626aa18-38c3-4275-82e0-fc980787e2b2	Standard 7 — Revenue diversification & grant/donor management (after‑school, camps, rentals, partnerships, philanthropy)	2	2026-01-05 08:17:36.504854+00
1b887c8c-89b5-4cc3-87e2-00db5fba6bb0	b6c49c04-d50b-4f7c-b95c-6e080691b7f9	Standard 8 — Financial communication & transparency (plain‑language, “community budget brief”, cost‑effect dashboards, board/Yayasan reporting)	1	2026-01-05 08:17:36.504854+00
ff30ef4e-6e3e-4f21-820c-b4787f10258a	b6c49c04-d50b-4f7c-b95c-6e080691b7f9	Standard 9 — Ethical leadership & cross‑unit collaboration (confidentiality, fairness, coaching budget owners, one‑school mindset)	2	2026-01-05 08:17:36.504854+00
1ba009f7-8a8b-4ed6-b6a6-c6ea72b60894	29caa500-8d62-4a66-9ccc-f30f250119aa	Standard 10 — Team development & process improvement (people, SOPs, automation, living repository)	1	2026-01-05 08:17:36.504854+00
86c9da97-1a31-4898-8b5c-b5a1f73f9f52	1ea62e2b-40c1-470d-bcd6-37d373f373f7	Standard 1 — Professional mastery & technical knowledge in Human Capital Management (HCM) (planning & analytics, compliance, competency architecture, culture alignment, HCM tech)	1	2026-01-05 08:21:13.524553+00
b55930fc-4cb3-43dc-9174-cbc66f56c5d0	1ea62e2b-40c1-470d-bcd6-37d373f373f7	Standard 2 — Strategic talent planning & organizational design (gap analysis, succession, career pathways, org agility, alumni memory)	2	2026-01-05 08:21:13.524553+00
7c1e53e3-fe67-4fb7-8d76-3f0ed36066c3	6ffd329e-d999-4370-aa50-efb13d356495	Standard 3 — Effective talent acquisition & onboarding (multi‑channel sourcing, competency‑based selection, structured onboarding & probation)	1	2026-01-05 08:21:13.524553+00
96542e74-4a75-4b02-a3f0-bc8a40dfa79e	6ffd329e-d999-4370-aa50-efb13d356495	Standard 4 — Staff development, growth, and leadership (IDPs, PD pathways, mentorship & coaching, culture of learning)	2	2026-01-05 08:21:13.524553+00
0aa40f0e-bb0f-4733-a878-a61599cf5da1	6ffd329e-d999-4370-aa50-efb13d356495	Standard 5 — Performance management & feedback systems (SMART goals, balanced scorecard, peer/self review, continuous feedback)	3	2026-01-05 08:21:13.524553+00
013132eb-be75-475f-936b-9250eb36ef9c	6ffd329e-d999-4370-aa50-efb13d356495	Standard 6 — Compensation, recognition & wellbeing (market‑aligned, transparent, motivating; mental health & workload)	4	2026-01-05 08:21:13.524553+00
c97ae648-15f8-4b88-83fe-41051f7fd6dd	689b4753-9098-4395-b45b-4e7a044fe912	Standard 7 — Ethical leadership & compliance (model values, safeguard confidentiality, clear grievances & restorative resolution)	1	2026-01-05 08:21:13.524553+00
91e79b71-f84e-41ac-ad33-e05064f533d5	689b4753-9098-4395-b45b-4e7a044fe912	Standard 8 — Engagement, culture & community (voice, inclusion, retention, manager quality)	2	2026-01-05 08:21:13.524553+00
\.


--
-- Data for Name: kpis; Type: TABLE DATA; Schema: public; Owner: proofpoint
--

COPY public.kpis (id, standard_id, name, description, evidence_guidance, trainings, sort_order, rubric_4, rubric_3, rubric_2, rubric_1, created_at) FROM stdin;
59cbd628-a4cf-4cdf-8022-314c4489c1d9	356462b8-67ea-4fa9-8ccd-2f4ab8e95be5	Sustainable Design Integration	% MadLabs projects with briefs including energy/water/waste goals and lifecycle lens	Project briefs with impact sections	\N	1	≥95%	90–94%	75–89%	<75%	2026-01-04 04:17:40.639125+00
e2d30298-e0f6-4497-a8ff-a9262db76b83	356462b8-67ea-4fa9-8ccd-2f4ab8e95be5	Process Systems Thinking	# system maps with cross-dept input & implemented changes	System maps, change logs	Circular economy, LCA, process mapping	2	≥6 maps/yr & ≥10 changes	4–5 & 6–9	2–3 & 3–5	<2 & <3	2026-01-04 04:17:40.639125+00
4ddd6793-a8fc-4f5e-b10b-dbb947ef5a1d	a7930e45-cf77-4393-8ee6-b0f8214b440f	Tools Database Coverage	# tech scans / horizon briefs per term (AI, AR/VR, robotics, IoT, low-code, OSS)	Scan briefs	\N	1	≥3 / term	2	1	0	2026-01-04 04:17:40.639125+00
de34420f-dc4e-43d8-9976-c317d323b2bf	a7930e45-cf77-4393-8ee6-b0f8214b440f	Adoption-Ready Evaluations	% shortlisted tools tested with use-case + go/no-go note	Pilots, decision notes	\N	2	≥95%	85–94%	70–84%	<70%	2026-01-04 04:17:40.639125+00
ca7e50b3-fa78-4618-a514-06822d090284	adb82869-f671-4a3f-9a1c-b94b14efc6cb	Datawise Cadence	# improvement cycles completed/year	Cycle artifacts, dashboards	\N	1	≥6	4–5	3	<3	2026-01-04 04:17:40.639125+00
04a94999-55d6-4940-9c16-b1fad4134dab	adb82869-f671-4a3f-9a1c-b94b14efc6cb	Decision Uptake	% leadership decisions citing MadLabs insight	Decision log (Living Dashboard)	\N	2	≥80%	70–79%	50–69%	<50%	2026-01-04 04:17:40.639125+00
9d821a7e-3e90-4c1c-bf64-2c2fb4d7317f	21424958-3408-45b5-9653-aac6cbb372eb	Framework Mapping	% projects mapped to ISO 14001 & ESG (GRI/ESRS)	Mapping sheets, audits	\N	1	≥95%	85–94%	70–84%	<70%	2026-01-04 04:17:40.639125+00
888cf3d5-beb7-4825-a74c-12724ba199f9	21424958-3408-45b5-9653-aac6cbb372eb	Digital Ethics & Governance	% new systems with risk register, DPIA/AI note, retention plan	DPIAs, retention schedules	\N	2	100%	90–99%	75–89%	<75%	2026-01-04 04:17:40.639125+00
ac7e8034-859e-495a-aeb5-3d7e9a7aea42	b5195ae9-8c0b-4aad-b8fb-f4f8991cb1c4	Footprint Reduction	YoY % reduction (energy, water, waste diversion, Scope 1–2)	Meters, invoices	\N	1	≥15% / ≥20pp	10–14%	5–9%	<5%	2026-01-04 04:17:40.639125+00
d60f250c-ac57-46c6-a032-7befa67a041b	b5195ae9-8c0b-4aad-b8fb-f4f8991cb1c4	Event & Ops Streamlining Yield	Hours/Rp saved & % reinvested	Streamlining ledger	\N	2	Publish & ≥80%	60–79%	Publish only	None	2026-01-04 04:17:40.639125+00
5b7ab7d6-626c-4aa6-8e47-2b5967813e95	73a73e46-40f5-49a9-ad99-b3c582dcdfb0	Access & Inclusion	% students served & parity	Rosters	\N	1	≥60% & parity+	45–59% & near	30–44% & gaps	<30%	2026-01-04 04:17:40.639125+00
eb34dbf2-b4c3-4924-8f46-8d2e55739757	73a73e46-40f5-49a9-ad99-b3c582dcdfb0	Safety & Uptime	Safety-trained %, uptime, incidents	Logs, reports	\N	2	≥95% / ≥97% / 0	≥90 / 95–96 / minor	80–89 / 90–94	Lower	2026-01-04 04:17:40.639125+00
a6ccf842-7c0b-4db7-8dcd-e2a687f2df75	73a73e46-40f5-49a9-ad99-b3c582dcdfb0	Project Throughput & Quality	# projects & % rubric-assessed	Project rubrics	\N	3	≥120 & ≥90%	80–119 & 80–89%	50–79 & 60–79%	Lower	2026-01-04 04:17:40.639125+00
23ca0df0-c931-4d92-9f32-c46e02227e1c	8b79ab67-49cb-4de4-bfaa-1a526cc06119	Responsible AI Guardrails	% AI use cases with full guardrails	Model cards, guides	\N	1	100%	90–99%	75–89%	<75%	2026-01-04 04:17:40.639125+00
1baaad10-a982-415a-bed8-7b30af4e00cc	8b79ab67-49cb-4de4-bfaa-1a526cc06119	Core Systems Reliability & Interop	Uptime / SSO / integrations / backups	Analytics, logs	\N	2	≥99.9% / ≥95% / ≥6 / 100%	99.5–99.8 / 90–94 / 4–5 / 100%	99.0–99.4 / 80–89 / 2–3	Lower	2026-01-04 04:17:40.639125+00
8a62784d-41fb-425f-a584-7cf99979d3b9	d8264c12-6f5b-46b8-81b9-da48307eecc7	Cycle Time	Weeks from insight → pilot	Pilot charters	\N	1	≤3	≤4	5–6	>6	2026-01-04 04:17:40.639125+00
03551081-0936-4d83-bda0-e318c51283c9	d8264c12-6f5b-46b8-81b9-da48307eecc7	Scale-Up Success	% pilots scaled next term	Decision notes	\N	2	≥60%	40–59%	25–39%	<25%	2026-01-04 04:17:40.639125+00
d81a050b-acf8-41b4-b4e7-166f6a81f2a3	d8264c12-6f5b-46b8-81b9-da48307eecc7	Evaluation Fidelity	% pilots with pre-post & decision note	Review minutes	\N	3	≥95% & ≥90%	90% & 80–89%	75–89% & 60–79%	Lower	2026-01-04 04:17:40.639125+00
fcb8fd05-f6e7-48a7-a7f7-87d367a39a54	61abc394-db2f-4f34-907f-cd4d99b088fb	How-To Library	# guides & accessibility	Library repo	\N	1	≥30 & 100%	20–29 & 100%	12–19 & partial	<12	2026-01-04 04:17:40.639125+00
3c7b0bb2-3641-4408-adfa-2c9ece747fd7	61abc394-db2f-4f34-907f-cd4d99b088fb	Capability Transfer	# sessions & usefulness rating	Surveys	\N	2	≥12 & ≥4.3	8–11 & ≥4.0	5–7 & ≥3.6	Lower	2026-01-04 04:17:40.639125+00
6b57c624-ccba-4bee-92f5-3f289da5f5ff	61abc394-db2f-4f34-907f-cd4d99b088fb	Onboarding Coverage & SLA	% on-time & SLA met	Ticketing data	\N	3	≥95% & ≥95%	90–94% & 90–94%	80–89% & 80–89%	Lower	2026-01-04 04:17:40.639125+00
9c00c5e8-eef6-4f1d-8cbc-4bd0ac45ea70	fcd5af37-6ede-4636-8e19-0d6aec70ea7b	Inclusive Co-Design	% projects with co-design & usability tests	Test reports	\N	1	≥90% & ≥2	80–89% & ≥1	60–79% & occasional	Lower	2026-01-04 04:17:40.639125+00
3e4bc7da-cf7c-4566-8458-a63e6f3067ae	fcd5af37-6ede-4636-8e19-0d6aec70ea7b	Wellbeing & Safety by Design	% checklist pass	Checklists	\N	2	100%	≥95%	85–94%	<85%	2026-01-04 04:17:40.639125+00
c96e244a-25b4-461c-b99d-8b2476cb8699	b2735090-09fc-42b0-8510-ed052cb0c8d9	Partnerships & Outcomes	# partnerships & outcomes	MOUs, logs	\N	1	≥6 & ≥10	4–5 & 6–9	2–3 & 3–5	<2 & <3	2026-01-04 04:17:40.639125+00
ef6e92dd-e2eb-4442-a438-e860e18ae3af	b2735090-09fc-42b0-8510-ed052cb0c8d9	Interdepartmental Initiatives	# cross-unit projects & value	Project files	\N	2	≥6 & strong	4–5 & clear	2–3 & modest	<2	2026-01-04 04:17:40.639125+00
a24dc36d-740f-4e3c-8dbc-72d3bf94ac14	2d81eb7a-5074-4d36-ba22-ab0c5d0bf899	Foresight Rhythm	# scans, scenarios, bets updated	Scan briefs	\N	1	≥4 & ≥2 & termly	3 / 1 / term	2 / — / annual	Ad-hoc	2026-01-04 04:17:40.639125+00
0088ba18-9507-4935-942f-37e74e06060b	2d81eb7a-5074-4d36-ba22-ab0c5d0bf899	Personal & Team Growth	PD, plan execution, reuse by teams	Playbooks	\N	2	≥6 / full / ≥5	4–5 / solid / 3–4	2–3 / basic / 2	Lower	2026-01-04 04:17:40.639125+00
200f7581-d758-4701-851d-d5cade2158c0	ff30ef4e-6e3e-4f21-820c-b4787f10258a	KPI 9.1 | Ethics & Conflicts Governance	Indicators: disclosures on file; procurement ethics adherence; post‑incident reviews closed.			1	100% disclosures; 100% adherence; 100% PIR closures	≥95%; ≥95%; ≥90%	85–94%; 85–94%; 75–89%	lower.	2026-01-05 08:17:36.504854+00
2fd839bc-95ba-4867-b589-7938e3076271	ff30ef4e-6e3e-4f21-820c-b4787f10258a	KPI 9.2 | Collaboration & Budget‑Owner Capability	Indicators: # clinics/training for budget holders; % units meeting variance targets; partner satisfaction.	Evidence: ethics logs, clinics materials, partner pulses.		2	≥6 clinics; ≥90% units on target; ≥90% satisfaction	4–5; 80–89%; 85–89%	2–3; 70–79%; 75–84%	lower.	2026-01-05 08:17:36.504854+00
e8a93b03-c657-40c6-b3aa-173602398bed	1ba009f7-8a8b-4ed6-b6a6-c6ea72b60894	KPI 10.1 | Finance Team Skill Growth	Indicators: PD hours per FTE; certifications; cross‑training coverage; skills matrix improvement.			1	≥40 hrs/FTE; ≥2 certs; 100% cross‑train; strong lift	30–39; 1; ≥90%; solid	20–29; —; ≥75%; modest	lower.	2026-01-05 08:17:36.504854+00
28de08fc-a870-4375-9347-2861ccba0222	1ba009f7-8a8b-4ed6-b6a6-c6ea72b60894	KPI 10.2 | SOP Maturity & Automation	Indicators: % processes with current SOPs; cycle‑time reduction; bots/automations live.			2	≥95%; ≥20% cycle‑time cut; ≥5 automations	85–94%; 10–19%; 3–4	70–84%; 5–9%; 1–2	lower.	2026-01-05 08:17:36.504854+00
5236e653-9586-4247-9ff2-cde0f80ddb10	1ba009f7-8a8b-4ed6-b6a6-c6ea72b60894	KPI 10.3 | Repository & Version Discipline	Indicators: finance artifacts versioned; change logs; quarterly repository audit pass. (Matches Scorecard’s repository and governance expectations.)	Evidence: ethics logs, clinics materials, partner pulses.		3	100% versioned; logs complete; pass	≥95%; solid; pass	85–94%; partial; minor issues	gaps.	2026-01-05 08:17:36.504854+00
c0384f25-baca-4ed5-8861-be9afd57e9cc	a05c65a8-d022-4ff7-8312-949f6adc2ac0	KPI 4: Agile Innovation Culture Leadership	Indicators: # projects piloted/scaled; Participation rate; Improvements in learning; Stakeholder feedback.	Innovation project proposals, reports, labs/workshops records, impact analyses, student work samples, dissemination records.	Educational Tech Integration; Agile Methods; Design Thinking; Change Management.	4	4+ transformative projects; exceptional impact on teaching, learning, and reputation.	3 projects; significant positive improvements; strong recognition.	2 projects; modest innovation outcomes; limited scaling.	<2 projects; minimal innovation culture or impact.	2026-01-05 07:01:52.983998+00
d80c48d3-e5ab-4a3f-b104-23a5e92b80ab	0c3abe02-38da-4ef4-90d9-54b2cc3884aa	KPI 1: Vision Communication, Stakeholder Commitment, and Behavioral Modeling	Deliver minimum six formal presentations annually to diverse stakeholders (staff, parents, students, Yayasan/Komite Sekolah).\nEmbed vision language consistently in all official communications.\nDemonstrate behavioral modeling aligned with MWS values (minimum eight documented instances per month).\nCreate visual tools (e.g., dashboards, displays) to communicate vision and strategic direction.\nConduct annual stakeholder surveys and interviews to measure understanding and commitment.\n	Annotated presentation decks with audience feedback; Communication audit reports; Behavioral modeling observation journals; Survey analysis reports (disaggregated); Interview transcripts; Visual communication tools (dashboards, posters, displays).	Vision Communication and Storytelling; Transformational Leadership and Values-Based Modeling; Stakeholder Engagement Strategies; Presentation and Public Speaking Excellence; Balanced Scorecard Implementation	1	≥95% of stsakeholders demonstrate deep vision understanding; >10 behavioral modeling instances/month; 100% communications reference vision; communication style inspires culture change.	≥90% understanding; ≥8 instances/month; ≥90% communications reference vision; positive influence on culture evidentff	75–89% understanding; 5–7 instances/month; 75–89% communications reference vision; cultural influence inconsistent.	<75% understanding; <5 instances/month; <75% communications reference vision; minimal cultural impact.	2026-01-05 07:01:52.983998+00
2e892ff7-81f0-4666-bc6c-9f13f0c0f779	0c3abe02-38da-4ef4-90d9-54b2cc3884aa	KPI 3: Integral Education Integration in Strategic Planning	Map SSP goals to Integral Education dimensions.\nRun ≥ 6 PD sessions annually on Integral Education with ≥ 95% staff participation.\nLaunch ≥ 7 whole-school initiatives per year demonstrating integral education principles.\nEnsure placement and SEN planning decisions reflect integral values.\nConduct annual stakeholder literacy assessments.\n	SSP integral education matrix; PD session materials & action plans; Initiative impact & sustainability reports; Literacy survey & reflection journals; Placement rationale aligned with integral framework.	Integral Education Philosophy; Holistic/Integral Curriculum Design; Transformational Leadership	3	100% SSP goals integrate 4+ dimensions; 8+ PD sessions; 10+ initiatives; exceeds literacy targets.	100% goals integrate 3+ dimensions; 6–7 PD sessions; 7–9 initiatives; meets literacy targets.	90–99% goals integrate 2–3 dimensions; 4–5 PD sessions; 5–6 initiatives; near literacy targets.	<90% goals integrate integral principles; <4 PD sessions; <5 initiatives; below literacy targets.	2026-01-05 07:01:52.983998+00
8f7d6b49-6d6d-42d3-8ceb-bdbcb6903598	37c3d3b0-70b4-46de-b95a-880605368acf	KPI 1: Advanced Pedagogical Mastery and Application, including Teaching & Learning Framework Implementation	Indicators: # advanced pedagogy programs led/attended; % observed lessons showing inclusive/metacognitive practice (peer walkthrough tool); improvement in engagement/behavior signals.	Published Teaching & Learning Framework; Training agendas and attendance records; Observation and walkthrough reports; Student feedback summaries.	Advanced Pedagogy and Metacognitive Teaching Strategies; Curriculum Mapping and Alignment; Positive Discipline in the Classroom; Learning Sciences; Neurodiversity-Responsive Education; Inclusive and Compassionate Practices; Culturally Responsive Pedagogy	1	Framework published early; 6+ programs; transformational coaching evident; ≥90% lessons inclusive; significant, documented improvements in student outcomes and engagement.	Framework published on time; 4–5 programs; strong coaching impact; ≥80% inclusive lessons; measurable positive student impact.	Framework published on time; 2–3 programs; moderate coaching impact; 60–79% inclusive lessons; limited student outcome improvements.	Framework delayed; <2 programs; minimal coaching impact; <60% inclusive lessons; no clear student outcome changes.	2026-01-05 07:01:52.983998+00
90adb2b0-a1ac-4372-9b3d-de6c8a5fcbea	37c3d3b0-70b4-46de-b95a-880605368acf	KPI 2: Inclusive & Intersectional Design	Formula: 0.6·(% units with barrier-removal/UDL tags) + 0.2·(# equity reviews vs plan) + 0.2·(gap reduction vs baseline)	Unit plans with UDL tags, equity review logs, outcomes.	Learning sciences; UDL; culturally responsive pedagogy; neurodiversity-responsive education	2	≥95% units; ≥4 reviews; clear reduction in access gaps.	85–94% units; 3 reviews; reduction in access gaps.	70–84% units; 2 reviews; small reduction in access gaps.	<70% units; <2 reviews; no reduction in access gaps.	2026-01-05 07:01:52.983998+00
05ddecd4-f737-4cbf-8894-a1eb9489a091	37c3d3b0-70b4-46de-b95a-880605368acf	KPI 3: Ethical Data Use & Insight	Formula: 0.25·(Data dictionary live) + 0.25·(# inquiry protocols in use) + 0.25·(% plans citing data) + 0.25·(privacy compliance)	Data dictionary, meeting artifacts, plan reviews, privacy logs.	Data ethics; privacy checklist; DataWise; data‑inquiry protocols	3	Dictionary live; ≥3 protocols; ≥90% plans; 100% compliance.	Dictionary live; 2 protocols; 80–89% plans; 100% compliance.	Dictionary draft; 1 protocol; 60–79% plans; minor gaps.	No dictionary; 0 protocols; <60% plans; privacy gaps.	2026-01-05 07:01:52.983998+00
166221ec-a706-45cf-bb36-17300228a5eb	43c9f550-d74e-4eb0-9cf4-11202d34dbd3	KPI 1: Comprehensive Curriculum and Integral Education Leadership	Indicators: % curriculum units aligned to Integral Education; Number of curriculum audits/reviews conducted; Number of implemented transdisciplinary projects; Number of teachers trained in curriculum innovation; Teacher/student feedback on instructional alignment	Curriculum audit reports and review minutes; Lesson plan evaluations with integral alignment; PLC records and collaboration logs; Stakeholder feedback surveys; Student project portfolios.	Advanced Curriculum Leadership; Integral Education Design; Instructional Supervision; Multi-tiered Instructional Support; Curriculum Design and Evaluation; Visible Thinking; Project-Based Learning (PBL) Strategies; Differentiated and Adaptive Instruction	1	100% units aligned; high-impact interdisciplinary projects; exceptional student agency gains.	≥90% units aligned; strong interdisciplinary projects; positive feedback.	75–89% aligned; limited interdisciplinary work; moderate feedback.	<75% aligned; minimal integration; poor relevance feedback.	2026-01-05 07:01:52.983998+00
4f61d68f-87a5-4a4b-b101-4cc5f09857cd	43c9f550-d74e-4eb0-9cf4-11202d34dbd3	KPI 2: Integral Education Implementation Excellence	Indicators: Percentage of curricular and co-curricular activities demonstrating integral education alignment; Number of initiatives promoting integral/holistic human development; Staff and student feedback on integral education experience; Evidence of culture shift toward growth mindset and innovation	Integral education implementation audits and reports; Initiative documentation with holistic/integral outcomes; Survey results on student/staff flourishing; Growth mindset workshop and leadership documentation.	Millennia Integral Education Framework; Growth Mindset Leadership; Transpersonal Development; Innovation Leadership	2	100% integral education implementation; 8+ integral/holistic initiatives; transformative culture change evident.	90–99% implementation; 6–7 initiatives; strong culture improvement.	80–89% implementation; 4–5 initiatives; moderate culture shifts.	<80% implementation; <4 initiatives; limited culture change.	2026-01-05 07:01:52.983998+00
e16050b2-fcb1-4185-b7b5-47790d421bbf	43c9f550-d74e-4eb0-9cf4-11202d34dbd3	KPI 3: Research-Based Innovation and Teaching Practice Enhancement	Indicators: Number and quality of research projects and innovations introduced; Percentage of school policies updated using research findings; Number of action research projects and resulting improvements in teaching practice; Documented improvements in student learning outcomes	Research proposals and published reports; Policy revision logs and rationales; Action research documentation with results; Student performance and impact assessment reports.	Educational Research Methods; Policy Innovation; Instructional Leadership	3	3+ research projects; 100% policies updated; 6+ action research cycles with transformative impact.	2 projects; 90% policies updated; 4–5 action research cycles with positive impact.	1 project; 70–89% policies updated; 2–3 action research cycles with modest impact.	No significant research or policy innovation; <70% updated; <2 action research cycles.	2026-01-05 07:01:52.983998+00
e39aafe9-20e0-4931-8442-d3935483caf0	a05c65a8-d022-4ff7-8312-949f6adc2ac0	KPI 1: Comprehensive Student Support Systems such as MTSS	Indicators: % of students receiving targeted MTSS interventions with documented progress; Individualized learning plans; Stakeholder satisfaction.	MTSS logs, ILPs, adaptive learning observation sheets, anecdotal records, formative assessment data, counselor notes, family meeting notes.	MTSS; Differentiated Pedagogy; Inclusive Education Leadership; Equity Leadership; Strengths-Based Development.	1	Full MTSS; 100% identified students supported; exceptional progress; comprehensive ecosystem.	90–99% implementation; positive progress; strong satisfaction.	75–89% implementation; moderate progress; partial satisfaction.	<75% implementation; limited progress; weak ecosystem.	2026-01-05 07:01:52.983998+00
c8cf97c7-7372-4f27-8499-ff542149842f	a05c65a8-d022-4ff7-8312-949f6adc2ac0	KPI 2: Assessment-Driven Teaching Excellence and Equity Leadership	Indicators: % teachers effectively using data; Reduction in achievement gaps; Trainings conducted; Stakeholder understanding.	Assessment plans, training logs, data dashboards, achievement gap reports, parent-teacher meeting notes.	Assessment Literacy; Data-Informed Instruction; DataWise; Equity-Focused Strategies.	2	≥90% teachers proficient; significant gap reduction; exceptional improvement.	80–89% teachers proficient; measurable gap closure; strong data use.	60–79% teachers proficient; moderate improvements; limited data use.	<60% teachers proficient; minimal gap progress; poor data integration.	2026-01-05 07:01:52.983998+00
27273a98-7585-4d75-a2a9-fdb3e4feffa3	a05c65a8-d022-4ff7-8312-949f6adc2ac0	KPI 3: Collaborative Excellence and Growth Culture Leadership	Indicators: # PLC sessions; Teacher feedback; Growth in practice; Reduced conflicts.	PLC session logs, peer observation records, coaching logs, staff surveys, conflict resolution documentation.	Growth Mindset; Collaborative Leadership; PLC Development; Interpersonal Communication.	3	≥8 PLC cycles; transformative growth culture; high collaboration scores; systemic teamwork.	6–7 PLC cycles; strong collaboration; growth mindset evident.	4–5 PLC cycles; moderate collaboration and growth culture.	<4 PLC cycles; weak collaboration; limited growth mindset.	2026-01-05 07:01:52.983998+00
acd78427-c1e1-4842-af5f-ae218b935bad	a05c65a8-d022-4ff7-8312-949f6adc2ac0	KPI 5: Continuous Improvement and Organizational Learning	Indicators: # program evaluations; feedback loop integration; crisis management effectiveness; participation in reflective learning.	Evaluation reports, feedback logs, crisis protocols, reflective session outputs, sustainability audit reports.	Continuous Improvement Frameworks; Learning Organization; Strategic Risk Management; Future-Ready Skills.	5	5+ evaluations; exceptional improvements; ≥90% future-ready; 6+ reflective sessions; 4+ sustainability projects.	4 evaluations; effective improvements; 80–89% integration; 5 sessions; 3 projects.	3 evaluations; moderate improvements; partial culture; 70–79% integration; 3–4 sessions.	<3 evaluations; limited improvements; weak organizational learning; <70% integration.	2026-01-05 07:01:52.983998+00
c3ce4d16-bd35-439f-bb4c-bd0d142ae8fe	a05c65a8-d022-4ff7-8312-949f6adc2ac0	KPI 6: Digital Fluency, Safety and Digital Literacy Leadership	Indicators: % teachers digital fluency; % students digital literacy benchmarks; Training sessions; Safety compliance scores.	Teacher assessments, lesson artifacts, student lit results, training materials, safety audit reports.	EdTech Integration; Digital Security/Safety; Digital Literacy Leadership; Future-Ready Skills.	6	≥95% teacher fluency; ≥90% student literacy; multiple impactful programs; excellent safety record.	85–94% teacher fluency; 80–89% student literacy; strong adoption; good safety.	70–84% teacher fluency; 70–79% student literacy; moderate adoption; minor gaps.	<70% teacher fluency; <70% student literacy; low adoption; poor safety.	2026-01-05 07:01:52.983998+00
09db2e42-62a0-49da-ad39-9336332534b1	f64ca597-4151-4d99-80c7-d3a8c30e0e32	KPI 1: Strategic Operations, Compliance, and Risk Management	Indicators: % compliance with Yayasan/Ministry policies; Risk management review complete; Operational audit score; Cross-unit resolution rate; Stakeholder satisfaction.	Compliance reports, risk registers, manuals/handbooks, ops audit reports, collaboration resolution logs, feedback forms.	School Operations; Compliance; Strategic Risk Management; Crisis Leadership; Regulatory Frameworks.	1	100% compliance; proactive risk mgmt; systemic efficiency; exemplary audit; ≥90% satisfaction.	95–99% compliance; strong risk mgmt; good efficiency; solid audit; 80–89% satisfaction.	85–94% compliance; moderate risk/efficiency; limited collaboration; 70–79% satisfaction.	<85% compliance; weak risk mgmt; significant gaps; poor audit; <70% satisfaction.	2026-01-05 07:01:52.983998+00
a084b0fa-927b-4881-8ce3-a74e12ebcf9c	f64ca597-4151-4d99-80c7-d3a8c30e0e32	KPI 2: Sustainable Financial Planning, Practices and Resource Optimization	Indicators: Budget utilization efficiency; % strategic initiatives with cost-effectiveness; Financial transparency satisfaction; # sustainable cost-saving initiatives.	Annual/Quarterly reports & plans, cost-effectiveness analyses, transparency feedback, internal/external audits, procurement records.	Strategic Financial Planning; Cost Optimization; Stewardship; Transparent Budgeting; Allocation Strategies.	2	98–100% budget utilization; exceptional cost optimization; sustainable stewardship; zero compliance issues.	96–97% utilization; strong cost management; solid financial practices; minimal issues.	90–95% utilization; basic cost management; some compliance or efficiency gaps.	<90% utilization; poor cost optimization; frequent issues; lack of transparency.	2026-01-05 07:01:52.983998+00
d88816ea-0df4-4269-a44e-2d803a9a13ed	f64ca597-4151-4d99-80c7-d3a8c30e0e32	KPI 3: Facilities, Infrastructure, and Environmental Stewardship	Indicators: Facilities safety score; % maintenance completed on schedule; # sustainability practices; Stakeholder satisfaction; Disaster readiness; Implementation projects on time/budget.	Safety & environmental audit reports, project plans/reports, maintenance logs, sustainability docs, disaster readiness reports.	Facilities Management; Preventive Maintenance; Safety; Disaster Preparedness; Sustainable Infrastructure.	3	Fully safe/optimized; ≥90% on-time maintenance; 4+ sustainability initiatives; exceptional digital readiness.	Safe, well-maintained; 80–89% on-time; 3 sustainability initiatives; good digital readiness.	Moderate safety/maintenance issues; 70–79% tasks; 2 sustainability initiatives; limited digital readiness.	Significant gaps; <70% tasks; minimal sustainability; poor digital readiness.	2026-01-05 07:01:52.983998+00
ab88cc2f-7915-4800-8371-6b5c33959afc	7c309075-e76b-42c7-bbae-edcbac0eb314	KPI 1: Strategic Time Management and Prioritization	Indicators: % leadership time on instructional/strategic; # efficiency improvements; Adherence to protocols; Stakeholder feedback on accessibility/responsiveness.	Master schedules, audits, protocols logs, delegation logs, workflow docs, surveys.	Time Optimization; Meeting Wise; Instructional Prioritization; Delegation; Productivity Tools.	1	≥70% time for strategic leadership; significant process optimizations; high responsiveness; deadlines met.	60–69% time on leadership priorities; good process management; timely completion.	50–59% strategic focus; limited process improvements; moderate delays.	<50% strategic focus; frequent inefficiencies; recurring missed deadlines.	2026-01-05 07:01:52.983998+00
d8a7b9cb-fe44-43ca-9833-50a0c4873763	7c309075-e76b-42c7-bbae-edcbac0eb314	KPI 2: Comprehensive Human Resource Leadership and Development	Indicators: % positions filled via competency; # appraisals/IDPs completed; # leadership promotions; Existence of succession plan; Recruitment efficiency; Retention rate.	Recruitment & onboarding docs, appraisal reports, IDPs, mentoring logs, succession plan docs, retention analyses.	HR Management; Competency-Based Recruitment; Succession Planning; Performance Appraisal.	2	100% HR compliance; efficient recruitment; 100% staff appraised with IDPs; ≥90% retention; robust pipeline.	95–99% compliance; timely recruitment; ≥85% staff appraised; 80–89% retention; good development.	85–94% compliance; recruitment delays; 70–84% appraised; 70–79% retention; limited development.	<85% compliance; inefficient recruitment; <70% appraised; <70% retention; no systematic development.	2026-01-05 07:01:52.983998+00
1f5a98d4-cc7e-41c8-9205-f1f87773eeda	7c309075-e76b-42c7-bbae-edcbac0eb314	KPI 3: Staff Wellbeing, Accountability, and Retention	Indicators: Wellbeing index; Attendance/punctuality compliance; Turnover rate; # wellbeing initiatives.	Program docs, survey data, attendance reports, retention strategy docs, exit interview data, recognition records.	Staff Wellbeing; Mental Health; Emotional Intelligence; Conflict Resolution; Coaching Skills.	3	Wellbeing Index ≥90%; ≥97% attendance; turnover <5%; comprehensive wellbeing initiatives.	Wellbeing Index 85–89%; 95–96% attendance; turnover 5–10%; robust initiatives.	Wellbeing Index 75–84%; 90–94% attendance; turnover 11–15%; basic initiatives.	Wellbeing Index <75%; <90% attendance; turnover >15%; minimal initiatives.	2026-01-05 07:01:52.983998+00
5aafa415-820a-4ea1-96d5-8961ca9ce5e9	24c242b8-5691-451d-b67f-7c50a55dc750	KPI 1: Stakeholder Relationship Building and Inclusive Community Engagement	Indicators: # inclusive events; % active voice reporting; Conflict resolution success; Trust index; satisfaction scores; # decisions influenced by input; # partnerships.	Event planning, Event reports, council minutes, conflict mediation logs, trust survey analysis, stakeholder testimonials, partnership records.	Emotional Intelligence; Inclusive Community Engagement; Conflict Resolution; Relationship-Based Leadership.	1	≥90% satisfaction; 8+ events; extensive decision impact; sustainable partnerships; 95%+ conflict success.	80–89% satisfaction; 6–7 events; good involvement; active partnerships; 90–94% success.	70–79% satisfaction; 4–5 events; limited decision influence; few partnerships; 75–89% success.	<70% satisfaction; <4 events; minimal voices; weak connections; <75% success.	2026-01-05 07:01:52.983998+00
e8ec3238-9dc5-437d-81b6-a8542a62f1d0	24c242b8-5691-451d-b67f-7c50a55dc750	KPI 2: Collaborative Culture and Intelligent Conflict Management	Indicators: # collaborative initiatives; Reduction in unresolved conflicts/cases; % restorative practices; feedback on teamwork/culture.	PLC agendas, collaborative project reports, conflict resolution registers, restorative session logs, culture surveys.	Team-Building; Facilitation; Systemic Intelligence; Compassionate Leadership; Restorative Practices.	2	Multiple collaborative initiatives; significant conflict reduction; ≥90% satisfaction; thriving culture.	Several initiatives; moderate conflict reduction; 80–89% satisfaction; good collaboration culture.	Few initiatives; limited conflict reduction; 70–79% satisfaction; basic practices.	Minimal collaboration; frequent unresolved conflicts; <70% satisfaction; poor culture.	2026-01-05 07:01:52.983998+00
80f3017e-7609-44f0-8ce0-7c8d270df8e5	24c242b8-5691-451d-b67f-7c50a55dc750	KPI 3: Strategic External Leadership and Professional Representation	Indicators: # external engagements; # strategic partnerships; Media sentiment; reputation feedback; awards/recognition.	Records of events attended, presentation decks, partnership MOUs/reports, media coverage clippings, reputation surveys, records of awards.	Networking; PR Training; Media Training; Partnership Development; Advocacy Skills.	3	7+ engagements; 5+ partnerships; frequent/impactful representations; multiple recognitions; exceptional reputation.	5–6 engagements; 3–4 partnerships; consistent representation; some recognition; strong reputation.	3–4 engagements; 2 partnerships; occasional representation; limited recognition; moderate reputation.	<3 engagements; <2 partnerships; minimal representation; no recognition; weak reputation.	2026-01-05 07:01:52.983998+00
c2e18901-bc70-4cb6-9435-bd5a56533dab	ee5573b0-e3a0-4be0-8178-f27735a77ce4	KPI 1: Comprehensive Communication Strategy and Transparency	Indicators: % communications on time; Stakeholder trust index; # documented decisions with communication; audit score; frequency/reach of internal comms; satisfaction score.	Communication strategy document, newsletters, memos, decision rationales ("You said, we did"), audit reports, dashboard screenshots.	Strategic Communication; Transparency; Trust-Building; Public Speaking; Ethical Information Sharing.	1	Consistent, multi-channel; ≥95% timely; exceptional transparency; high trust index; proactive sharing (≥90%); exemplary audit.	Regular; 90–94% timely; strong transparency; good trust (85–89%); timely updates; solid audit.	Irregular; 80–89% timely; moderate transparency; fair trust (75–84%); frequent delays; basic audit.	Limited; <80% timely; poor timeliness/transparency; weak trust; poor audit.	2026-01-05 07:01:52.983998+00
c7dd33a6-ba1e-486c-a561-5abcb02ad820	ee5573b0-e3a0-4be0-8178-f27735a77ce4	KPI 2: Data-Driven Communication and Stakeholder Engagement	Indicators: # data-driven sessions; % stakeholders increased understanding; inclusivity measures; feedback ratings; engagement rates; timeliness of reports.	Data dashboards, session agendas/logs, multilingual materials, quarterly reports, stakeholder feedback forms.	Data Visualization; Reporting Skills; Stakeholder Engagement; Digital Dashboard Management.	2	4+ forums/reports; ≥90% satisfaction with transparency; proactive detailed reporting; fully inclusive.	4 reports/forums; 80–89% satisfaction; consistent reporting; strong inclusivity.	3 reports/forums; 70–79% satisfaction; moderate engagement; partial inclusivity.	<3 reports/forums; <70% satisfaction; minimal engagement/incomplete reports.	2026-01-05 07:01:52.983998+00
dd308623-6a2b-4ca7-9bef-8b620a007280	ee5573b0-e3a0-4be0-8178-f27735a77ce4	KPI 3: Responsive Crisis and Incident Communication	Indicators: existence/quality of documented plan; average response time; # simulations annually; stakeholder confidence; # trained staff.	Crisis communication plan, contact lists, simulation reports, incident logs, media releases, post-incident reviews.	Crisis Planning; SOCO; Emergency Response; Public Relations.	3	Comprehensive plan; rapid response (<30 mins); ≥90% stakeholder confidence; regular simulations (excellent results).	Solid plan; timely response (31-59 mins); 80–89% stakeholder confidence; annual simulations.	Basic plan; slower response (1–2 hrs); 70–79% confidence; infrequent simulations.	No clear plan; delayed response (>2 hrs); <70% confidence; no crisis simulations.	2026-01-05 07:01:52.983998+00
d1b3cb1f-6c44-4c01-9a32-d64a009f9958	40b931f9-ae19-4089-8cd8-92cd3c45dcdf	KPI 1: Ethical Decision-Making and Integrity	Indicators: % decisions with ethical justifications; # ethics trainings; # breaches reported; perception of fairness/transparency.	Decision rationale logs, policy reviews, training records, compliance reports, stakeholder survey results.	Ethical Leadership; Ethical Governance; Legal Standards; Values-Based Decision-Making.	1	100% policies reviewed; 2+ ethics trainings; ≥90% stakeholder confidence; zero major breaches; ≥90% trust index.	Regular reviews; 1–2 ethics trainings; 80–89% stakeholder confidence; minimal breaches resolved; 85–89% trust index.	Limited reviews; 1 training; 70–79% confidence; occasional unresolved breaches; 75–84% trust index.	No reviews/trainings; <70% confidence; frequent or unresolved ethical breaches; <75% trust index.	2026-01-05 07:01:52.983998+00
6266f6b9-f992-497a-a619-0c595ab62d41	40b931f9-ae19-4089-8cd8-92cd3c45dcdf	KPI 2: Compassionate Leadership and Psychologically Safe Culture	Indicators: Safety/wellbeing/inclusivity scores; % staff trained in anti-bias; # recognized acts of compassion; reported discrimination; changes in culture metrics.	Wellbeing surveys, anti-bias/anti-discrimination training records, recognition logs, anti-bias policy docs, incident logs.	Emotional Intelligence; Positive Discipline for Leaders; Psychological Safety; Anti-Discriminatory Practices.	2	≥90% wellbeing satisfaction; thriving compassionate culture; 100% training completion; 10+ acts recognized; zero discrimination.	80–89% satisfaction; strong culture of compassion; ≥95% training; 6–9 acts recognized; minimal cases.	70–79% satisfaction; basic compassion practices; 85–94% training; 3–5 acts recognized; occasional cases.	<70% satisfaction; weak compassionate culture; <85% training; <3 acts recognized; multiple cases.	2026-01-05 07:01:52.983998+00
acabeaa6-fdd1-4bb6-b7d7-2e85dfa34a31	40b931f9-ae19-4089-8cd8-92cd3c45dcdf	KPI 3: Enforcement of Professional Standards, Values and Accountability	Indicators: % staff meeting conduct standards; #/resolution rate of violations; values-based PD frequency; inclusion in appraisals; perception of accountability.	Attendance/punctuality reports, ethics review minutes, corrective action logs, professional standards docs, appraisal reports.	Ethics Enforcement; Accountability Frameworks; Performance Appraisal; values-based leadership.	3	≥95% adherence to standards; 3+ values-based PD sessions; 4 reviews/year; high issue resolution; ≥90% accountability rating.	85–94% adherence; 2 PD sessions; 3 reviews/year; solid resolution rate; 85–89% accountability rating.	75–84% adherence; 1 PD session; 2 reviews/year; moderate resolution; 75–84% rating.	<75% adherence; no PD sessions; <2 reviews/year; low resolution; <75% rating.	2026-01-05 07:01:52.983998+00
7c195821-d408-46f9-aa69-51bb62e5d4dd	f8ae1d3a-17f6-47fa-b5e1-9c8bb3f16c37	KPI 1: Continuous Personal and Professional Growth and Reflective Leadership	Indicators: # PD activities; Quality/progress of growth plan; Network engagements; Evidence of reflective practice.	PD certificates/transcripts, growth plan reviews, network logs, reflective journals, coaching session reports.	Advanced Leadership; Reflective Leadership; Networking; Mentorship; Mindfulness.	1	6+ PD activities; fully executed plan; active in ≥4 networks; transformative reflective practice.	4–5 activities; solid plan; active in 2-3 networks; clear evidence of reflection in practice.	2–3 activities; basic plan; active in 1 network; limited evidence of reflection.	<2 PD activities; no formal plan; no network activity; minimal reflection.	2026-01-05 07:01:52.983998+00
00efde21-03ff-43f8-8c59-9c403200d3d2	f8ae1d3a-17f6-47fa-b5e1-9c8bb3f16c37	KPI 2: Staff Mentorship & IDPs	Indicators: % staff with IDPs; # mentoring sessions per mentee; growth against IDPs; leadership pipeline entries.	IDPs, mentoring logs, appraisal outcomes, mentorship reports.	Coaching/mentoring; adult learning; IDPs; leadership pipelines.	2	100% staff with IDPs; ≥6 sessions/mentee; strong growth; active leadership pipeline.	95–99% staff with IDPs; 4–5 sessions; solid growth; visible leadership pipeline.	85–94% staff with IDPs; 2–3 sessions; modest growth; limited leadership pipeline.	<85% staff with IDPs; <2 sessions; minimal growth; no leadership pipeline.	2026-01-05 07:01:52.983998+00
e180f05f-079a-415e-9068-9737b02e73ac	f8ae1d3a-17f6-47fa-b5e1-9c8bb3f16c37	KPI 3: Growth‑Mindset & Professional Learning Culture	Indicators: # learning events; adoption of growth‑mindset practices; organizational learning artifacts.	Event logs, surveys, knowledge‑share artifacts, staff inquiry records.	Learning organization; growth‑mindset practices; reflective practice; inquiry-led projects.	3	6+ learning events; ≥90% adoption; extensive organizational learning artifacts.	4–5 events; 80–89% adoption; clear organizational learning evidence.	3 events; 70–79% adoption; limited organizational learning evidence.	<3 events; <70% adoption; minimal learning culture.	2026-01-05 07:01:52.983998+00
9f77ce54-fb59-4b4a-85e4-d2b464b31617	d0604ac7-8901-45f0-9817-af5fe6fb68cd	KPI 1: Mission Ownership & Role Clarity	Indicators: % stakeholders who can articulate mission and give a recent example; # participatory forums; staff role‑clarity index.	Forum minutes, mission visibility toolkit, staff survey, culture audits.	Shared leadership; mission visibility; participatory culture; organizational storytelling.	1	≥90% mission articulation; ≥6 forums; ≥90% role clarity; stakeholders can state mission & give concrete example.	85–89% mission articulation; 4–5 forums; 80–89% role clarity.	75–84% mission articulation; 3 forums; 70–79% role clarity.	<75% mission articulation; <3 forums; <70% role clarity.	2026-01-05 07:01:52.983998+00
ee240c9c-0589-4095-87a7-843fc9e8951b	d0604ac7-8901-45f0-9817-af5fe6fb68cd	KPI 2: Safe, Positive, and Responsive Climate	Indicators: climate rating; % incidents resolved restoratively; wellbeing programs delivered; reduction in repeat incidents.	Climate surveys, incident logs, program records, restorative session logs, culture walkthrough reports.	Restorative culture; safe/positive climate; wellbeing programs; conflict resolution.	2	≥90% climate positive; ≥95% restorative resolution; ≥5 wellbeing programs; strong downward incident trend.	85–89% climate positive; 85–94% restorative resolution; 3–4 programs; clear downward trend.	75–84% climate positive; 70–84% restorative resolution; 1–2 programs; modest trend.	<75% climate positive; <70% restorative resolution; 0 programs; minimal trend.	2026-01-05 07:01:52.983998+00
e9e0903b-ab3a-4d16-9ff2-9de3de84ed81	d0604ac7-8901-45f0-9817-af5fe6fb68cd	KPI 3: Learning Organization & Sustainability	Indicators: # reflective sessions; # inquiry‑led projects; sustainability audit score; participation in eco initiatives.	Session docs, project files, eco audits, knowledge sharing artifacts.	Sustainability in schools; learning organization; inquiry-led projects.	3	≥6 reflective sessions; ≥5 inquiry projects; high sustainability score; strong participation.	4–5 reflective sessions; 3–4 inquiry projects; solid sustainability score; good participation.	3 reflective sessions; 2 inquiry projects; moderate sustainability score; modest participation.	<3 reflective sessions; <2 inquiry projects; weak sustainability score; low participation.	2026-01-05 07:01:52.983998+00
decc6a0d-65cb-4fae-a0b0-8157de77f045	75886033-cef2-4293-8817-f2fa2eadc00f	KPI 1: Character & Values Integration	Indicators: % curriculum/co‑curricular with values targets; student reflections evidencing growth; perception of values visible.	Lesson plans with values tags, student journals/portfolios, event logs, stakeholder pulses.	Character education; values integration; reflective facilitation.	1	≥95% activities; weekly reflections; ≥90% stakeholder perception; visible in daily life.	85–94% activities; fortnightly reflections; 80–89% stakeholder perception.	70–84% activities; monthly reflections; 70–79% stakeholder perception.	<70% activities; rare reflections; <70% stakeholder perception.	2026-01-05 07:01:52.983998+00
1ebb0756-30d7-46a3-a37b-d368a37ea6df	75886033-cef2-4293-8817-f2fa2eadc00f	KPI 2: Reflection & Purposeful Practices	Indicators: cadence and quality of age‑appropriate practices; participation rate; student self‑reports of purpose.	Schedules, attendance logs, student self-reports, purpose index data.	Reflective facilitation; inclusive spiritual literacy; purposeful practices.	2	Daily practices; ≥90% participation; strong upward trend in purpose/connection.	Regular practices; 80–89% participation; clear trend.	Inconsistent practices; 70–79% participation; modest trend.	Minimal practices; <70% participation; low trend.	2026-01-05 07:01:52.983998+00
ce9f961e-999f-4f67-bf0d-3f915888ccab	75886033-cef2-4293-8817-f2fa2eadc00f	KPI 3: Service, Inclusion & Community Impact	Indicators: # service projects; participation; impact narratives; inter‑belief events.	Project logs, rosters, case studies/narratives, community feedback, inter-belief event logs.	Service-learning design; inter‑belief understanding; community impact assessment.	3	≥5 service projects/year; ≥85% student participation; strong impact narratives; ≥3 inter‑belief events.	3–4 service projects; 70–84% student participation; clear impact narratives; 2 inter‑belief events.	2 service projects; 50–69% student participation; modest impact narratives; 1 inter‑belief event.	<2 service projects; <50% student participation; low impact narratives; 0 inter‑belief events.	2026-01-05 07:01:52.983998+00
0e489e4b-5d12-43de-b87e-1c67e3cd5c07	0c3abe02-38da-4ef4-90d9-54b2cc3884aa	KPI 2: Strategic Planning, Objective Communication and Adaptive Leadership	Lead SSP development, alignment, and communication to stakeholders.\nIntegrate Yayasan policies, Ministry requirements, and Integral Education principles.\nMaintain initiative tracking with dashboards and progress reviews.\nRun quarterly reviews and adapt plans accordingly.\nEnsure admissions, placement, SEN allocation, and Dapodik compliance align with strategic goals.\n	SSP with consultation records & alignment matrix; Dashboards and tracking logs; Internal & external alignment reports; Quarterly review reports; Admissions and placement documents.	Strategic Planning & Execution; DataWise; Data-Driven Decision-Making; Adaptive Leadership; Policy Alignment and Compliance	2	SSP completed early; 100% tracking; 98% alignment; 98%+ goals achieved; Data dashboards actively guide strategic decisions; exceptional stakeholder satisfaction.	SSP on time; 100% tracking; 95–97% alignment; 95% goals achieved; good satisfaction.	Minor delays; 85–99% tracking; 85–94% alignment; 85–94% goals achieved.	Late SSP; poor tracking; <85% alignment; <85% goals achieved.	2026-01-05 07:01:52.983998+00
a0b08592-dc38-467f-bd8b-fd8d985f7c1b	2792324c-359d-4178-9904-a3bebe174377	KPI 1.1 | Close Quality & Timeliness	Indicators: working‑day close; all bank/GL reconciliations complete; error‑rate from audit/management review.	Events: close calendar, reconciliation packs, review sign‑offs.	nonprofit/school finance standards; tax & labor updates; internal controls; forecasting; data visualization for finance.	1	close ≤5 WD; 100% reconciled; error‑rate ≤0.2%	≤7 WD; ≥98%; ≤0.5%	≤10 WD; ≥95%; ≤1%	slower/lower.	2026-01-05 08:17:36.504854+00
b3da553f-c74c-4a9c-9dd2-fa5abb23919c	2792324c-359d-4178-9904-a3bebe174377	KPI 1.2 | Compliance & Audit Readiness	Indicators: on‑time filings; clean external audit; internal‑control walkthroughs passed; policy currency.	Evidence: filings register, audit reports, control matrices.	nonprofit/school finance standards; tax & labor updates; internal controls; forecasting; data visualization for finance.	2	100% on time; unqualified opinion; 0 critical findings; 100% policy currency	minor findings; ≥95% currency	several findings; 85–94%	material gaps.	2026-01-05 08:17:36.504854+00
27441677-4864-4e26-8208-0050d05a746e	2792324c-359d-4178-9904-a3bebe174377	KPI 1.3 | Systems Fluency (ERP/SIS/Billing/Payroll)	Indicators: data dictionary & access controls; integrations live; automation coverage. (Aligns to Scorecard governance, repositories, and dashboards.)	Evidence: system maps, role access logs, automation inventory.	nonprofit/school finance standards; tax & labor updates; internal controls; forecasting; data visualization for finance.	3	dictionary + RBAC live; ≥5 key integrations; ≥70% routine tasks automated	live; 3–4; 50–69%	partial; 1–2; 30–49%	minimal.	2026-01-05 08:17:36.504854+00
f6360537-32e4-4e70-8942-db5ffc487bac	d2c5602e-e27e-4c36-b899-ffcc00d364cc	KPI 2.1 | Rolling Forecast Accuracy	Indicators: variance of quarterly forecast vs actual for revenue, payroll, and non‑pay OPEX.	Evidence: forecast packs, variance notes.	nonprofit/school finance standards; tax & labor updates; internal controls; forecasting; data visualization for finance.	1	≤±3% each line	≤±5%	≤±8%	>±8%.	2026-01-05 08:17:36.504854+00
b8793288-b5a4-42b3-9dd1-762bfed4cd28	d2c5602e-e27e-4c36-b899-ffcc00d364cc	KPI 2.2 | Resource‑to‑Strategy Fit	Indicators: % budget aligned to Scorecard priorities; equity checks applied (needs‑based allocations).		nonprofit/school finance standards; tax & labor updates; internal controls; forecasting; data visualization for finance.	2	≥90% aligned & equity checks on 100% relevant lines	85–89% & ≥90%	75–84% & 70–89%	lower.	2026-01-05 08:17:36.504854+00
00208214-5da2-4be3-b79c-da6eafe0cb7c	d2c5602e-e27e-4c36-b899-ffcc00d364cc	KPI 2.3 | Scenario & Risk Preparedness	Indicators: two live scenarios (downside/enrollment/currency/capex); risk register updated; mitigation actions on cadence.		nonprofit/school finance standards; tax & labor updates; internal controls; forecasting; data visualization for finance.	3	both scenarios current; register current; ≥90% actions on time	current; good; 80–89%	partial; 65–79%	ad‑hoc.	2026-01-05 08:17:36.504854+00
9d8caf56-1600-439f-aa75-714c8da40154	1b12cade-1443-4293-b626-57a69618f318	KPI 3.1 | Transaction Accuracy & SLA	Indicators: AP/AR SLAs (invoice to payment; receipting); three‑way match rate; duplicate/exception rate.			1	≥95% on‑time; ≥99% three‑way; ≤0.1% exceptions	90–94/98/≤0.3%	80–89/96–97/≤0.7%	lower.	2026-01-05 08:17:36.504854+00
0ce0736c-c7a1-49d4-8762-04b4f14ea1ea	1b12cade-1443-4293-b626-57a69618f318	KPI 3.2 | Tuition Collections & DSO	Indicators: collection rate by due date; Days Sales Outstanding; aged debt >60 days.			2	≥98%; DSO ≤20; aged ≤2%	≥96%; ≤25; ≤4%	≥93%; ≤30; ≤6%	lower.	2026-01-05 08:17:36.504854+00
d257efbe-5a39-4f79-8cee-3388ec46492c	1b12cade-1443-4293-b626-57a69618f318	KPI 3.3 | Restricted Funds & Scholarship Stewardship	Indicators: fund‑use to purpose; donor/grant reports on time; scholarship equity checks.	Evidence: ledgers, schedules, grant binders, scholarship logs.		3	100% to purpose; 100% on time; checks 100%	≥98/≥95/≥95%	≥95/≥90/≥85%	lower.	2026-01-05 08:17:36.504854+00
bae4ff18-bb1a-43df-8ada-fc2807ad0a7f	3fe78697-364b-421d-b9d2-adc92eee7018	KPI 4.1 | Budget Utilization & Variance Control	Indicators: utilization rate; variance within tolerance; timely reforecasts.			1	98–100% util.; ≤±3% variance; quarterly reforecast	96–97%; ≤±5%	90–95%; ≤±8%	lower.	2026-01-05 08:17:36.504854+00
05cd1321-72d4-4585-a475-c4c437ee28eb	3fe78697-364b-421d-b9d2-adc92eee7018	KPI 4.2 | Procurement Effectiveness	Indicators: % spend under contract; competitive events run; realized savings vs baseline.			2	≥85% under contract; robust competition; ≥8% realized savings	70–84%; solid; 5–7%	50–69%; limited; 2–4%	lower.	2026-01-05 08:17:36.504854+00
92559d75-6131-48cd-8d60-2885fec917c4	3fe78697-364b-421d-b9d2-adc92eee7018	KPI 4.3 | Event Audit & Streamlining Yield	Indicators: hours/IDR saved; % reinvested into Scorecard priorities; satisfaction of event owners. (Direct tie to Scorecard’s financial perspective.)	Evidence: procurement files, event audit ledger, cost‑effect analyses, dashboards.		3	publish yield; ≥80% reinvest; ≥4.3/5	publish; 60–79%; ≥4.0	publish only; —; ≥3.6	none.	2026-01-05 08:17:36.504854+00
27da4987-e128-46b4-bd7b-6029853f72a5	fd46d6b7-a0a4-4054-957c-18602ddc7e4f	KPI 5.1 | Cash Forecast Accuracy & Liquidity	Indicators: 13‑week cash forecast accuracy; days cash on hand vs policy; reserve transfers on cadence.			1	≤±5%; policy met; on time	≤±8%; near; on time	≤±12%; partial; occasional delay	gaps.	2026-01-05 08:17:36.504854+00
26f49299-c5d9-49e3-80b1-7195d741435f	fd46d6b7-a0a4-4054-957c-18602ddc7e4f	KPI 5.2 | Control Health & Fraud Loss	Indicators: SoD breaches; control test pass rate; fraud loss as % spend.			2	0 breaches; ≥98% pass; 0 loss	minor; 95–97%; negligible	several; 90–94%; low	material.	2026-01-05 08:17:36.504854+00
085b4fe9-d252-43ad-9dc2-442e7cb14ff3	fd46d6b7-a0a4-4054-957c-18602ddc7e4f	KPI 5.3 | Vendor Risk & Performance	Indicators: risk screening coverage; on‑time delivery; dispute rate.	Evidence: cash models, policy, bank letters, insurance, control testing, vendor scorecards.		3	100% screened; ≥95% on‑time; ≤1% disputes	≥95/90–94/≤2%	≥85/85–89/≤4%	lower.	2026-01-05 08:17:36.504854+00
1be4db3f-a547-4e67-93cf-8844f47f4dd8	589d1569-1290-4d80-bc80-d0673f2d2919	KPI 6.1 | Program Cost‑Effectiveness	Indicators: % priority initiatives with cost‑effect analysis and post‑implementation review; value realized vs plan.			1	≥90% with PIR; ≥80% value realized	80–89%; 60–79%	60–79%; 40–59%	lower.	2026-01-05 08:17:36.504854+00
686c1e9e-0bf0-4f7c-b558-c700dd72051a	589d1569-1290-4d80-bc80-d0673f2d2919	KPI 6.2 | Capex Delivery & Benefits	Indicators: on‑time/on‑budget; benefits tracked; sustainability co‑benefits (energy/water/waste cost reduction).			2	≥90% OTOB; benefits tracked; sustained savings	80–89%; tracked; clear savings	65–79%; partial	weak.	2026-01-05 08:17:36.504854+00
092d2320-cf7e-4b96-a1ea-176d15e09849	589d1569-1290-4d80-bc80-d0673f2d2919	KPI 6.3 | PD ROI Tracking (Finance as Enabler)	Indicators: % PD modules with practice lift ≥60% and linked outcome signal; reuse of in‑house talent. (Scorecard “value‑for‑impact.”)	Evidence: PIRs, ROI sheets, capex logs, savings dashboards, PD ROI summaries.		3	≥70% modules & reuse high	60–69%	45–59%	lower.	2026-01-05 08:17:36.504854+00
4913c3ca-8f15-4de8-8b15-53fe74794050	78d692bb-ed36-4f5b-ad3a-903e63a1176f	KPI 7.1 | Net New Revenue	Indicators: net contribution from alternative streams vs target (after‑school, camps, rentals, partnerships).			1	≥110% of target	95–109%	80–94%	<80%.	2026-01-05 08:17:36.504854+00
4fc67462-3607-4d8a-ad41-8abf242dcba7	78d692bb-ed36-4f5b-ad3a-903e63a1176f	KPI 7.2 | Grant & Donor Stewardship	Indicators: submission rate; win rate; on‑time impact reports; donor retention.			2	100% on time; win ≥30%; retention ≥85%	on time; 20–29%; 75–84%	minor delays; 10–19%; 60–74%	lower.	2026-01-05 08:17:36.504854+00
7c3696d7-b7eb-42dd-b50b-092046c0fc66	78d692bb-ed36-4f5b-ad3a-903e63a1176f	KPI 7.3 | Fee Policy & Equity	Indicators: fee collection fairness; scholarship/aid alignment to policy; family clarity index.	Evidence: product P&Ls, rental calendars, MoUs, grant binders, donor reports.		3	policies applied with equity; ≥90% clarity	strong; 85–89%	moderate; 75–84%	weak.	2026-01-05 08:17:36.504854+00
8c61e9a9-2090-4b51-aa17-d10387b51d56	1b887c8c-89b5-4cc3-87e2-00db5fba6bb0	KPI 8.1 | Reporting Cadence & Clarity	Indicators: monthly leadership dashboard on time; “community budget brief” (at least annually) with accessible formats/languages; staff/parent clarity index.			1	12/12 on time; brief published; ≥90% clarity	10–11; published; 80–89%	8–9; partial; 70–79%	lower.	2026-01-05 08:17:36.504854+00
dec241c3-70d3-4b16-bfdf-60da29af7ec3	1b887c8c-89b5-4cc3-87e2-00db5fba6bb0	KPI 8.2 | Cost‑Effectiveness Dashboards	Indicators: live dashboards for major initiatives; decisions that cite them; audit trail of “why this, not that.”			2	dashboards live for all majors; ≥80% decisions cite	most; 60–79%	some; 40–59%	minimal.	2026-01-05 08:17:36.504854+00
e667368f-a232-4fe6-ad48-847f3af94e4e	1b887c8c-89b5-4cc3-87e2-00db5fba6bb0	KPI 8.3 | Issue Resolution & Vendor/Parent Comms	Indicators: median response time; resolution within SLA; satisfaction after closure.	Evidence: leadership packs, brief artifacts, dashboard screenshots, comms logs.		3	≤2h/≤2d/≥90%	≤4h/≤3d/85–89%	≤1d/≤5d/75–84%	slower/lower.	2026-01-05 08:17:36.504854+00
c1230e61-132b-4f18-ac30-741e605bda74	86c9da97-1a31-4898-8b5c-b5a1f73f9f52	KPI 1.1 | HCM compliance & policy currency	Indicators: % policies updated to law; privacy & consent handled; audits passed; ethical incident rate.	Evidence: policy manual & change log, privacy/DPIA records, audit reports.		1	100% current; audits clean; zero critical incidents	95–99%; clean; minor issues	90–94%; minor gaps	<90%/material gaps.	2026-01-05 08:21:13.524553+00
5684477d-2ecc-43e9-9729-076eb8ee4c56	86c9da97-1a31-4898-8b5c-b5a1f73f9f52	KPI 1.2 | Competency & role architecture coverage	Indicators: % roles with current competency maps tied to MWS values/Shared Language; interview rubrics live.	Evidence: role maps, rubric bank, hiring packets.		2	≥95% roles mapped & used	85–94%	70–84%	<70%.	2026-01-05 08:21:13.524553+00
73d23c9c-ea2b-4894-8f52-d237d5f34904	86c9da97-1a31-4898-8b5c-b5a1f73f9f52	KPI 1.3 | HCM data systems & dashboards	Indicators: HCMIS data dictionary, access controls, Living Dashboard signals (time‑to‑fill, QoH, retention, wellbeing) published on cadence.			3	dictionary+access live; 100% cadence	live; ≥90% cadence	draft; 70–89% cadence	absent/irregular.	2026-01-05 08:21:13.524553+00
219cd47c-62bf-4289-a32c-47d8d5fa053f	b55930fc-4cb3-43dc-9174-cbc66f56c5d0	KPI 2.1 | Succession & bench strength	Indicators: % critical roles with ≥2 ready successors (12‑month horizon); talent‑risk heatmap reviewed termly.			1	≥90% roles covered	80–89%	65–79%	<65%.	2026-01-05 08:21:13.524553+00
f0166f6b-ee40-4750-a9a7-34a30d5318c2	b55930fc-4cb3-43dc-9174-cbc66f56c5d0	KPI 2.2 | Career pathways & internal mobility	Indicators: % staff with multi‑track IDPs; internal moves/promotions (YoY); mobility satisfaction.			2	≥95% IDPs; mobility ↑≥6 pp YoY	90–94%; ↑3–5 pp	80–89%; ↑1–2 pp	lower.	2026-01-05 08:21:13.524553+00
ad6ab0c1-2553-4b08-bfbb-654658301580	b55930fc-4cb3-43dc-9174-cbc66f56c5d0	KPI 2.3 | Organizational design agility	Indicators: time to publish organizational changes; cross‑functional squads formed for priorities; role clarity index.			3	≤10 days; ≥6 squads/yr; ≥90% clarity	11–20; 4–5; 85–89%	21–30; 2–3; 75–84%	slower/fewer.	2026-01-05 08:21:13.524553+00
34061535-c7c9-4fd8-a4a6-331d1eb8aab9	7c1e53e3-fe67-4fb7-8d76-3f0ed36066c3	KPI 3.1 | Time‑to‑fill & quality‑of‑hire (QoH)	Indicators: median days to offer; 6‑month retention of new hires; probation pass; first‑year rating at/above target.			1	≤35 days; ≥90%/≥95%/≥80%	36–45; 85–89/90–94/70–79%	46–60; 80–84/85–89/60–69%	slower/lower.	2026-01-05 08:21:13.524553+00
9c1eebe1-d94f-4e39-afa2-4aec0155dc3e	7c1e53e3-fe67-4fb7-8d76-3f0ed36066c3	KPI 3.2 | Candidate experience & offer acceptance	Indicators: candidate NPS; offer acceptance rate; unbiased shortlisting checks.			2	NPS ≥70; offers ≥90%; checks 100%	50–69; 85–89%; 95–99%	30–49; 80–84%; 85–94%	lower.	2026-01-05 08:21:13.524553+00
e97f0b07-4f97-4cd0-9d35-1ba06e98ce5e	7c1e53e3-fe67-4fb7-8d76-3f0ed36066c3	KPI 3.3 | Onboarding & ramp‑to‑productivity	Indicators: 30‑60‑90 completion; tools/training access by Day 1; time‑to‑productivity; mentoring coverage.			3	≥95%/≤10 days/≥90% coverage	90–94/≤15/85–89%	80–89/≤20/70–84%	lower.	2026-01-05 08:21:13.524553+00
49991777-eb92-4176-a77c-782907d2b4be	96542e74-4a75-4b02-a3f0-bc8a40dfa79e	KPI 4.1 | IDP completion & coaching	Indicators: % staff with reviewed IDPs; coaching/mentoring hours; observed growth vs plan.			1	100%; plans met; strong growth	90–99%; solid	75–89%; modest	lower.	2026-01-05 08:21:13.524553+00
1c3fc567-9d06-4d73-8fe2-0deff091a06b	96542e74-4a75-4b02-a3f0-bc8a40dfa79e	KPI 4.2 | PD ROI on practice	Indicators: % PD modules where ≥60% participants show practice lift in 6–8 weeks (rubric) and a linked outcome signal.			2	≥70% modules	60–69%	45–59%	<45%.	2026-01-05 08:21:13.524553+00
62098e7d-c2f2-414e-afef-943c757217a6	96542e74-4a75-4b02-a3f0-bc8a40dfa79e	KPI 4.3 | Leadership pipeline & succession readiness	Indicators: % leadership roles filled internally; % successors “ready in 12 months.”			3	≥60% internal; ≥80% ready	40–59; 70–79	25–39; 60–69	lower.	2026-01-05 08:21:13.524553+00
a819aac5-6af7-4aa1-b6d2-9b874516fdc5	0aa40f0e-bb0f-4733-a878-a61599cf5da1	KPI 5.1 | Goal alignment & appraisal timeliness	Indicators: % roles with SMART goals tied to Scorecard; on‑time appraisals.			1	≥95% aligned; ≥95% on time	90–94; 90–94	80–89; 80–89	lower.	2026-01-05 08:21:13.524553+00
70cc8ba7-fe87-4c7f-bb9f-6b60b2cdf360	0aa40f0e-bb0f-4733-a878-a61599cf5da1	KPI 5.2 | Feedback quality & cadence	Indicators: % staff receiving ≥3 documented check‑ins/term; feedback usefulness score.			2	≥90% & ≥4.3/5	80–89 & ≥4.0	70–79 & ≥3.6	lower.	2026-01-05 08:21:13.524553+00
bbc9521c-2c07-4d6b-a322-43d6d0a5b3f4	0aa40f0e-bb0f-4733-a878-a61599cf5da1	KPI 5.3 | Fairness & calibration	Indicators: calibration held; distribution integrity (no bunching/outliers); appeal resolution.			3	termly; strong; 100% resolved	termly; clear; ≥90%	patchy; moderate	weak.	2026-01-05 08:21:13.524553+00
94176bd4-d1c9-4a70-b9f4-88de37089f37	013132eb-be75-475f-936b-9250eb36ef9c	KPI 6.1 | Pay architecture & equity	Indicators: salary bands current; unexplained pay gap; equity checks in decisions.			1	100% bands; gap ≤3%; checks 100%	≥95%; 3.1–5%; ≥95%	85–94%; 5.1–8%; 85–94%	lower.	2026-01-05 08:21:13.524553+00
0c1aef09-432f-4922-8abc-99f1552b0d2e	013132eb-be75-475f-936b-9250eb36ef9c	KPI 6.2 | Recognition & engagement	Indicators: participation in recognition programs; perceived fairness; cross‑unit visibility.			2	≥80% participation; ≥90% fairness	70–79; 85–89	60–69; 75–84	lower.	2026-01-05 08:21:13.524553+00
50ef8200-8cd2-4f51-9932-ad2caaa40e10	013132eb-be75-475f-936b-9250eb36ef9c	KPI 6.3 | Wellbeing & attendance	Indicators: wellbeing index; attendance/punctuality; EAP uptake; burnout flags.			3	≥90%; ≥97%; healthy uptake; low risk	85–89; 95–96; good; moderate	75–84; 90–94; low; some risk	lower.	2026-01-05 08:21:13.524553+00
b6f9deef-4a70-423d-9a0d-0d250a7a0baf	c97ae648-15f8-4b88-83fe-41051f7fd6dd	KPI 7.1 | Ethical decision‑making	Indicators: % major decisions with published ethical rationale; staff training coverage; trust index.			1	100%/100%/≥90%	95–99/≥95/85–89	85–94/85–94/75–84	lower.	2026-01-05 08:21:13.524553+00
1ec650b7-1016-4496-b48e-7acad39edaa7	c97ae648-15f8-4b88-83fe-41051f7fd6dd	KPI 7.2 | Grievance & conflict resolution	Indicators: time to resolution; restorative use; satisfaction after closure.			2	≤15 days; ≥90% restorative; ≥90% satisfied	≤20; 80–89; 80–89	≤30; 70–79; 70–79	slower/lower.	2026-01-05 08:21:13.524553+00
7a305858-3104-4b5d-a3f5-50cc1e51be08	91e79b71-f84e-41ac-ad33-e05064f533d5	KPI 8.1 | Engagement & voice	Indicators: engagement index; % reporting voice in decisions; “You Said, We Did” follow‑through.			1	≥90%/≥80%/≥90%	85–89/70–79/80–89	75–84/60–69/70–79	lower.	2026-01-05 08:21:13.524553+00
7f739be5-de87-43ed-bf74-6a90ac82bd58	91e79b71-f84e-41ac-ad33-e05064f533d5	KPI 8.2 | Retention & regretted attrition	Indicators: annual turnover; regretted attrition; stay‑interview coverage & actions closed.			2	turnover <10%; regretted <5%; ≥90% coverage	10–12/5–7/80–89	13–15/8–10/70–79	higher/lower.	2026-01-05 08:21:13.524553+00
0416e19b-1472-4e1a-809e-c2005e2cbe19	91e79b71-f84e-41ac-ad33-e05064f533d5	KPI 8.3 | Manager effectiveness	Indicators: manager 180 index (clarity, coaching, care); improvement after PD.			3	≥90% favorable; sustained lift	85–89; clear lift	75–84; modest	weak.	2026-01-05 08:21:13.524553+00
\.


--
-- Data for Name: profiles; Type: TABLE DATA; Schema: public; Owner: proofpoint
--

COPY public.profiles (id, user_id, email, full_name, niy, job_title, department_id, created_at, updated_at) FROM stdin;
09b94ef9-25f4-4a2e-a12e-f14e1e8d073f	e02410d6-8ed6-4a01-a275-f3f0b63463aa	aria@millennia21.id	Aria Wisnuwardana	12.06.235	Principal	9291f59a-97f2-40fb-afa9-4b446968f29c	2026-01-04 16:16:04.444129+00	2026-01-05 06:40:49.949756+00
5419aee0-04f0-4058-b59a-d404fc5885ce	2632c735-698b-462d-98cc-aea64c495f5b	faisal@millennia21.id	Faisal Nur Hidayat	15.24.776	Head of MAD Labs	7ce34ddc-17c0-4199-b709-09fb36ed8b8a	2026-01-04 06:03:32.590514+00	2026-01-05 06:41:00.618604+00
a0337585-e7ee-49af-aba3-52147e09439a	6dbcfe1e-8e0b-4217-be9f-0e0ab843dd61	mahrukh@millennia21.id	Mahrukh Bashir	12.10.374	Director of Millennia World School	\N	2026-01-04 10:27:29.565306+00	2026-01-05 06:41:20.260676+00
3f61c9fd-e3e2-474a-9b94-729938d37b33	4b02d3fc-9b6d-461d-b254-81c188dfa7f5	rain@millennia21.id	Shahrani Fatimah Azzahrah	15.24.805	Head of CARE	e3af4510-e1c3-4dd1-9ea0-acd75e084b0a	2026-01-05 07:03:27.783031+00	2026-01-05 07:03:44.166908+00
1db3d9a9-e6b5-44dc-a6b3-9c884c3ab2e4	045d1929-3b5a-409a-ad9c-f3e6ce802391	sarahyuliana@millennia21.id	Sarah Yuliana	10.20.636	Head of SAFE	6a5c794f-2587-4bdb-9062-400cb91baa5c	2026-01-05 07:13:21.748768+00	2026-01-05 07:13:21.748768+00
4ecf5350-6a11-4c02-a4a5-71414b7b6cf6	3330c2c7-901a-4813-8c4f-41f0a5d43d6e	kholida@millennia21.id	Kholida Widyawati	14.19.612	Principal	5ae94e17-39f9-4371-9fa0-e2aa3115e1a5	2026-01-05 08:21:15.381212+00	2026-01-05 08:21:15.381212+00
4d6e11dd-7943-4c6e-8d51-c8b67769ec68	81a4c6a6-f1b2-4534-926d-df120bc3530b	latifah@millennia21.id	Latifah Nur Restiningtyas	14.19.612	Principal	507fd6f4-c334-4177-877d-c5470194bc35	2026-01-05 08:22:26.314017+00	2026-01-05 08:22:26.314017+00
\.


--
-- Data for Name: user_roles; Type: TABLE DATA; Schema: public; Owner: proofpoint
--

COPY public.user_roles (id, user_id, role) FROM stdin;
f36a4bd8-e841-4d29-9aa3-6127a44265f2	e02410d6-8ed6-4a01-a275-f3f0b63463aa	manager
8347f778-0a15-49fd-bb4a-4a01102e14d5	2632c735-698b-462d-98cc-aea64c495f5b	manager
8e0cd3c0-2111-40e7-ac90-af4ffcb7ce38	2632c735-698b-462d-98cc-aea64c495f5b	admin
7211e04b-0e2f-47fd-8cbf-4d0876522b11	6dbcfe1e-8e0b-4217-be9f-0e0ab843dd61	director
d5e8d700-f6be-463c-9826-63cc4b85afc8	4b02d3fc-9b6d-461d-b254-81c188dfa7f5	manager
ac8a0f14-a4e8-49da-818e-3f8397183bbc	4b02d3fc-9b6d-461d-b254-81c188dfa7f5	admin
db76cd49-284c-4e9c-8e2a-53a48f17c2cd	045d1929-3b5a-409a-ad9c-f3e6ce802391	manager
48edc8c2-8c8d-4066-8bb9-4ff1fa19c71e	3330c2c7-901a-4813-8c4f-41f0a5d43d6e	manager
3a770157-74b0-43b6-992f-3dd760b4aec8	81a4c6a6-f1b2-4534-926d-df120bc3530b	manager
\.


--
-- PostgreSQL database dump complete
--

\unrestrict Bv5zC99UycwC87obuBrdnfmnXJkemoXsjHW9zKZG1lvAqRSaRMI1Iis5Q3INzAc

SET session_replication_role = 'origin';
